source_id,vlm_landuse,vlm_label,vlm_confidence,vlm_reason,gold_label
jamnagar_21.8079_70.5507,water,UNSURE,0.95,"The bounding box primarily covers a section of the river channel and associated riverbanks/vegetation within the water body, without any industrial structures like kilns or sheds.",INDUSTRIAL
jamnagar_21.9057_69.5718,cropland,AGRI_BURN,0.85,"Inside the red square, there are regular field patterns, vegetation, and plowed agricultural land consistent with the surrounding cropland rather than any industrial structure like a brick kiln or factory.",AGRI_BURN
jamnagar_21.9200_69.4236,cropland,AGRI_BURN,0.8,"The area inside the red box shows fenced agricultural fields and patchy vegetation similar to the surrounding cropland, without any visible industrial structures like a brick kiln.",AGRI_BURN
jamnagar_22.1186_70.3651,cropland,AGRI_BURN,0.95,"The red bounding box is centered over agricultural plots with defined boundaries characteristic of crop fields, and there are no industrial structures like brick kilns or sheds inside.",AGRI_BURN
jamnagar_22.3045_69.8924,cropland,AGRI_BURN,0.95,"The red bounding box clearly frames cultivated agricultural plots (cropland) characterized by rectangular field boundaries, crop rows, and varying green and brown vegetation patterns identical to the surrounding farmland.",AGRI_BURN
jamnagar_22.3213_69.8813,industrial,INDUSTRIAL,0.95,"The red square outlines an area that is part of a large industrial complex, surrounded by processing units, storage tanks, and industrial structures visible throughout the surrounding area.",INDUSTRIAL
jamnagar_22.3306_69.7450,industrial,INDUSTRIAL,0.95,"Laal chaukor ke andar industrial complex ya plant ki infrastructure jaise ki linear sheds, pipeline ya industrial structures dikh rahe hain, aur ye aaspas ke refinery area ka hi ek hissa hai.",INDUSTRIAL
jamnagar_22.3364_69.8674,industrial,INDUSTRIAL,0.98,"The area inside the red square contains heavy industrial infrastructure, complex processing units, piping networks, and industrial sheds characteristic of a refinery complex.",INDUSTRIAL
jamnagar_22.3785_69.6896,cropland,AGRI_BURN,0.95,"The red bounding box clearly shows agricultural fields with distinct green crop patches and tilled soil patterns, characteristic of cropland, with no industrial structures visible inside.",AGRI_BURN
jamnagar_22.4428_70.2296,cropland,AGRI_BURN,0.95,The red bounding box is centered on agricultural fields marked by regular rectangular parcel boundaries and crop cultivation patterns.,AGRI_BURN
jamnagar_22.5745_70.2283,industrial,INDUSTRIAL,0.95,"The red square outlines industrial manufacturing buildings with large sheds and factory structures, despite being surrounded by agricultural cropland.",INDUSTRIAL
jamnagar_22.7179_70.5874,cropland,AGRI_BURN,0.95,"Inside the red bounding box, there are clearly defined rectangular agricultural fields and boundary lines without any industrial structures, brick kilns, or urban features.",AGRI_BURN
jamnagar_22.8475_69.6958,industrial,INDUSTRIAL,0.95,"Laal chaukor ke andar ek bada factory shed aur uske paas paved yard dikh raha hai, jo industrial landuse ko darshata hai.",INDUSTRIAL
punjab_30.2100_75.7583,cropland,AGRI_BURN,0.95,"The area inside the red bounding box displays standard agricultural field patterns with straight field boundaries and cultivated crops, matching the typical characteristics of cropland.",AGRI_BURN
punjab_30.2860_76.0387,cropland,AGRI_BURN,0.95,"Laal chaukor ke andar saaf taur par rectangular agricultural fields (khet) aur unki seedhi medh dikh rahi hain, koi industrial ya bhatta structure maujood nahi hai.",AGRI_BURN
punjab_30.3827_76.0553,cropland,AGRI_BURN,0.95,"The area inside the red bounding box displays regular agricultural field patterns with straight borders and vegetation consistent with surrounding crop fields, with no industrial structures or brick kilns visible inside the box.",AGRI_BURN
punjab_30.4175_75.2703,cropland,AGRI_BURN,0.85,"The bounding box contains agricultural fields with distinct rectangular boundaries and crop patterns, along with a few rural structures, but primarily represents cropland.",INDUSTRIAL
punjab_30.4880_76.1823,forest,FOREST_FIRE,0.95,"The red bounding box primarily encloses dense tree cover characteristic of a forest, bordered by a road and agricultural fields.",AGRI_BURN
punjab_30.5293_76.2689,cropland,AGRI_BURN,0.95,"Laal chaukor ke andar agricultural fields (cropland) ke rectangular plots aur unki medh saaf dikh rahi hain, koi industrial ya brick kiln (bhatta) structure nahi hai.",AGRI_BURN
punjab_30.5681_76.2311,cropland,AGRI_BURN,0.95,"The area inside the red square consists of agricultural fields (cropland) characterized by rectangular field plots and boundaries, surrounded by other farmlands, with no industrial features like brick kilns, sheds, or chimneys visible inside the mark",INDUSTRIAL
punjab_30.6641_76.3296,cropland,AGRI_BURN,0.95,"Laal chaukor ke andar sirf aayatakar khet, medh aur faslein hain. Koi industrial structure, bhatta, ya chimney nahi dikh rahi.",INDUSTRIAL
punjab_30.7827_75.7765,cropland,AGRI_BURN,0.95,"The area inside the red square shows standard agricultural field parcels with distinct boundaries and varying crop growth stages, characteristic of cropland.",AGRI_BURN
punjab_30.8183_75.4558,cropland,AGRI_BURN,0.85,"Laal chaukor ke andar mukhyata khet (cropland) aur kuch chote rural buildings/houses dikh rahe hain, koi industrial bhatta ya structure nahi hai.",AGRI_BURN
punjab_30.8344_75.5595,cropland,AGRI_BURN,0.95,"The red box is located entirely within agricultural fields showing typical rectangular plot boundaries, crop patterns, and green vegetation without any industrial structures, brick kilns, or urban buildings inside.",INDUSTRIAL
punjab_30.8436_75.7591,cropland,AGRI_BURN,0.95,"Laal chaukor ke andar agricultural fields yaani khet aur unke beech ki boundaries saaf dikh rahi hain, koi industrial structure ya bhatta nahi hai.",AGRI_BURN
punjab_30.8505_75.9482,industrial,INDUSTRIAL,0.85,"The red box encloses warehouse-like or industrial sheds along with associated buildings and a small paved or cleared area, which fits the industrial category.",INDUSTRIAL
punjab_30.9221_75.2818,cropland,AGRI_BURN,0.95,"Laal chaukor ke andar sirf aayatakar khet, fasal aur medh ki lakeerein dikh rahi hain, koi industrial ya bhatta nahi hai.",AGRI_BURN
punjab_30.9261_75.3389,cropland,AGRI_BURN,0.95,"The red bounding box clearly frames a cultivated agricultural field with visible plowing lines and borders matching the surrounding cropland pattern, with no industrial structures or brick kilns present inside.",AGRI_BURN
punjab_30.9767_75.4498,cropland,AGRI_BURN,0.85,"The area inside the red box shows agricultural fields with regular boundary lines and vegetation, characteristic of cropland, with no industrial features visible inside the box.",FOREST_FIRE
uttarakhand_29.2054_79.0910,water,UNSURE,0.95,"The red square contains water, specifically a large water body or reservoir with visible wave patterns and linear structures on it.",FOREST_FIRE
uttarakhand_29.2390_79.1298,cropland,AGRI_BURN,0.95,"Laal chaukor ke andar clearly green khet aur aayatakar fields dikh rahe hain, koi industrial ya bhatta structure nahi hai.",AGRI_BURN
uttarakhand_29.2601_79.1139,cropland,AGRI_BURN,0.85,"Inside the red square, the area displays regular agricultural plots with visible crop boundaries and green vegetation typical of farming fields, without any industrial features like brick kilns or chimneys.",FOREST_FIRE
uttarakhand_29.4397_79.7457,forest,FOREST_FIRE,0.95,"The area inside the red square is densely covered with trees, consistent with forest landuse.",FOREST_FIRE
uttarakhand_29.4831_79.3148,forest,FOREST_FIRE,0.95,"The red box is densely covered with trees and forest vegetation, with no visible industrial structures, brick kilns, or clearing inside the boxed area.",FOREST_FIRE
uttarakhand_29.5136_79.6490,forest,FOREST_FIRE,0.95,"The red square is entirely covered by dense tree canopy, indicating a natural forest environment without any industrial structures, chimneys, or clearing visible inside the boundary.",FOREST_FIRE
uttarakhand_29.5471_79.4567,forest,FOREST_FIRE,0.8,The area inside the red square shows tree cover and vegetation similar to the surrounding forested mountainous terrain without any industrial structures or crop patterns.,FOREST_FIRE
uttarakhand_29.6757_78.9170,forest,FOREST_FIRE,0.85,"The area inside the red square is predominantly covered by dense tree canopy, similar to the surrounding forested terrain.",FOREST_FIRE
uttarakhand_29.6845_79.6722,forest,FOREST_FIRE,0.95,"The area inside the red square is densely covered with trees, consistent with natural forest vegetation.",FOREST_FIRE
uttarakhand_29.6870_79.2740,forest,FOREST_FIRE,0.9,"Laal chaukor ke andar ghane ped aur prakritik dhaal dikh rahi hai, jiska matlab ye forest area hai.",FOREST_FIRE
uttarakhand_29.7171_78.8627,forest,FOREST_FIRE,0.95,"The area inside the red square is entirely covered with dense tree vegetation and natural hilly terrain, consistent with forest landuse.",FOREST_FIRE
uttarakhand_29.9114_78.9393,forest,FOREST_FIRE,0.95,"The red square primarily encloses dense vegetation and tree canopy typical of a forest ecosystem with no visible industrial structures, roads, or bare land.",FOREST_FIRE
uttarakhand_30.0438_80.1695,forest,FOREST_FIRE,0.9,"The area inside the red square shows dense tree cover typical of a forest ecosystem with no visible industrial features, buildings, or bare soil.",FOREST_FIRE
uttarakhand_30.1478_79.6975,cropland,AGRI_BURN,0.85,"The red bounding box encloses terraced agricultural fields and patches of vegetation on hilly terrain, showing typical field boundaries rather than industrial or barren land.",FOREST_FIRE
uttarakhand_30.1702_79.7626,barren,UNSURE,0.85,"The red square indicates a rocky, sparsely vegetated mountain slope with exposed bare earth and no visible industrial structures, mines, or clear cropland.",FOREST_FIRE
uttarakhand_30.2329_79.4358,forest,FOREST_FIRE,0.9,"The red bounding box primarily encloses dense tree cover and vegetation typical of a hilly forest area, without any industrial structures, brick kilns, or human disturbances visible inside.",FOREST_FIRE
korba_22.0356_83.3564,industrial,INDUSTRIAL,0.95,"Laal chaukor ke andar industrial infrastructure jaise ki factory buildings, sheds, aur cleared/paved yards maujood hain jo aas-paas ke jungle se alag hain.",
korba_21.8784_82.6595,cropland,AGRI_BURN,0.95,"The area inside the red square consists of clearly defined agricultural fields with regular crop rows and field boundaries, consistent with cropland.",
korba_21.9035_82.5092,cropland,AGRI_BURN,0.9,"The red bounding box area contains agricultural fields with characteristic linear field boundaries and vegetation cover, consistent with surrounding cropland rather than any industrial or brick kiln structures.",
korba_21.7549_82.7770,urban,UNSURE,0.85,"The red box is centered on a densely built-up village settlement containing multiple houses and local buildings connected by roads, characteristic of an urban area.",
korba_21.7326_82.8763,cropland,AGRI_BURN,0.95,The area inside the red square consists of clearly defined rectangular agricultural fields with straight field boundaries (medh) characteristic of cropland.,
korba_21.7011_83.0093,cropland,AGRI_BURN,0.85,The red bounding box primarily encloses agricultural field patterns and patches of vegetation/trees characteristic of rural mixed cropland rather than any industrial brick kiln or factory infrastructure.,
korba_21.8652_82.3610,cropland,AGRI_BURN,0.95,"Laal chaukor ke andar clearly khet (agricultural plots) aur medh dikh rahe hain, koi industrial structure ya bhatta nahi hai.",
korba_21.6603_83.3688,cropland,AGRI_BURN,0.9,"The red box encompasses agricultural fields with distinct rectangular parcel boundaries and crop patterns, characteristic of cropland.",
korba_22.1448_82.5668,cropland,AGRI_BURN,0.95,"Laal chaukor ke andar clearly alag-alag aakar ke khet (agricultural fields) aur unki medh (boundaries) dikh rahi hain, koi industrial structure ya bhatta nahi hai.",
korba_21.6133_82.4474,cropland,AGRI_BURN,0.95,"The area inside the red square shows regular agricultural fields with visible field boundaries and vegetation, consistent with cropland.",
korba_21.9893_82.9707,cropland,AGRI_BURN,0.9,"Laal chaukor ke andar agricultural fields (khet) aur unke beech ki boundaries dikh rahi hain, koi industrial structure ya bhatta nahi hai.",
korba_21.6904_82.7371,cropland,AGRI_BURN,0.9,"The area inside the red bounding box displays regular agricultural field patterns, bounded by bunds and filled with crops, characteristic of cropland.",
korba_21.9519_82.2524,cropland,AGRI_BURN,0.9,"The red box highlights an area filled with typical agricultural field plots and green vegetation, consistent with surrounding farmland.",
korba_22.0188_83.3386,forest,FOREST_FIRE,0.95,"Laal chaukor ke andar poori tarah se ghane ped hain, jo forest ko darshata hai.",
korba_21.9863_82.7428,cropland,AGRI_BURN,0.95,"The red box clearly frames a grid of agricultural plots with straight field boundaries and dense green crops, characteristic of cropland.",
korba_21.6377_82.6904,cropland,AGRI_BURN,0.85,"Laal chaukor ke andar aur uske aas-paas ke ilaqe mein mitti ke khet aur unki aayatakar seernayein (cropland pattern) saaf dikh rahi hain, koi industrial ya bhatta structure nahi hai.",
korba_22.0734_82.9234,forest,FOREST_FIRE,0.85,"The area inside the red square is densely covered with trees, displaying characteristics typical of a forest patch surrounded by agricultural fields.",
korba_21.7779_83.1822,cropland,AGRI_BURN,0.85,"The red box is centered on a rural settlement area surrounded by agricultural fields and vegetation, showing no signs of industrial structures or brick kilns within the bounding box itself.",
korba_22.1563_82.2724,cropland,AGRI_BURN,0.85,"The red box is centered on a rural agricultural landscape consisting of divided crop fields and patches of vegetation, with no industrial features, kilns, or urban structures visible inside the bounding box.",
korba_22.0227_83.0262,cropland,AGRI_BURN,0.95,"The red square outlines agricultural fields divided by distinct boundaries and contains regular crop patterns, consistent with cropland.",
korba_21.9943_82.5461,cropland,AGRI_BURN,0.9,"The red bounding box primarily contains agricultural fields with regular crop patterns and plot boundaries, with no industrial structures or brick kilns visible inside it.",
korba_21.6657_82.7818,cropland,AGRI_BURN,0.85,"Laal chaukor ke andar ghaney hare khet aur aakar wale khet dikh rahe hain, jo ki cropland ya krishi bhoomi ko darshate hain. Yahan kisi bhi industrial bhatte, shed ya factory ke lakshan nahi dikh rahe hain.",
korba_21.6708_82.5032,cropland,AGRI_BURN,0.85,"Laal chaukor ke andar ghanne khet aur kuch rural vegetation ya ped hain, aur koi industrial bhatta ya structure nahi dikh raha hai.",
korba_21.8489_82.2738,cropland,AGRI_BURN,0.9,"The area inside the red box contains distinct agricultural field patterns and crop patches, surrounded by similar farmland.",
korba_21.6960_82.6216,cropland,AGRI_BURN,0.85,"The area inside the red square shows agricultural fields with standard crop patterns, boundaries, and soil color without any industrial structures like kilns or chimneys.",
korba_21.7782_82.5451,water,UNSURE,0.95,The red bounding box primarily encloses a body of water (pond/lake) with dark surface imagery and some surrounding shore vegetation.,
korba_21.8524_82.7539,cropland,AGRI_BURN,0.85,"The area inside the red square consists of typical agricultural plots and field patterns, showing no industrial structures, kilns, or factories.",
korba_22.0060_83.0792,cropland,AGRI_BURN,0.85,"The area inside the red box shows agricultural field patterns, divided into rectangular plots with crop cultivation boundaries, consistent with surrounding farmland.",
korba_21.8925_82.7421,cropland,AGRI_BURN,0.95,"The area inside the red square shows regular agricultural fields with visible field boundaries and green vegetation, typical of cropland, with no industrial structures present.",
korba_21.6688_83.1565,cropland,AGRI_BURN,0.85,"Laal chaukor ke andar main roop se chote khet aur rural settlement structures dikh rahe hain, jo aas-paas ke agricultural landscape ka hissa hain.",
korba_21.8652_82.7991,cropland,AGRI_BURN,0.85,"The red square indicates an area with typical agricultural field patterns, ridges, and crop cover similar to the surrounding terrain, showing no distinct industrial or urban features inside the bounding box.",
korba_21.7584_82.7010,cropland,AGRI_BURN,0.95,"The red box clearly frames a pattern of agricultural fields with regular boundaries and plow lines, consistent with cropland.",
korba_21.8022_82.3404,cropland,AGRI_BURN,0.5,"The area inside the red square primarily shows agricultural field patterns, crop boundaries, and rural land similar to the surrounding cropland, without distinct industrial features such as a brick kiln structure or chimneys.",
korba_21.8717_82.2532,cropland,AGRI_BURN,0.85,"Laal chaukor ke andar greeen agricultural fields aur kuch small rural settlement structures ya vegetation dikh rahe hain, koi industrial ya bhatta nahi hai.",
korba_22.0025_82.4714,cropland,AGRI_BURN,0.85,"The red bounding box primarily contains small agricultural plots, field boundaries, and vegetation typical of rural cropland, rather than industrial structures or brick kilns.",
korba_22.0602_82.6668,cropland,AGRI_BURN,0.95,Laal chaukor ke andar saaf taur par aniyamit aakar ke khet (cropland) aur kuch hariyasali dikh rahi hai. Koi bhi industrial ya bhatte ki structure nazar nahi aa rahi hai.,
korba_21.7070_82.5180,cropland,AGRI_BURN,0.85,"The area inside the red square shows regular agricultural fields with visible field boundaries and vegetation patterns, typical of cropland.",
korba_21.9587_82.9834,cropland,AGRI_BURN,0.85,"The area inside the red square primarily shows agricultural field patterns, divided plots, and crop cultivation without industrial structures, factories, or kilns.",
korba_21.9272_82.5719,cropland,AGRI_BURN,0.95,"The red square primarily shows green agricultural fields divided by field boundaries, consistent with surrounding cropland features.",
korba_21.9857_83.3659,industrial,INDUSTRIAL,0.95,"The red bounding box clearly shows an industrial facility with factory sheds, storage structures, and associated industrial yard features, surrounded by forest.",
korba_21.7451_82.9774,cropland,AGRI_BURN,0.95,"The red bounding box encloses agricultural fields characterized by rectangular plots and green vegetation, typical of cropland landuse.",
korba_21.9183_82.9214,cropland,AGRI_BURN,0.95,"The red bounding box clearly shows agricultural fields with typical straight field boundaries (medh) and crop patterns, characteristic of cropland.",
korba_21.7610_82.3396,cropland,AGRI_BURN,0.95,"Laal chaukor ke andar clearly khet (cropland) aur unki seedhi medh ki lakeerein dikh rahi hain, koi industrial ya bhatte ki structure nahi hai.",
korba_22.0451_82.8891,cropland,AGRI_BURN,0.85,"Inside the red bounding box, the land consists of regular agricultural plots, field boundaries, and vegetation typical of cropland, with no industrial structures or brick kilns visible.",
korba_21.9645_82.5848,urban,UNSURE,0.85,"The red bounding box encloses a cluster of residential buildings, forming a small village or rural settlement rather than an industrial plant, mine, or crop field.",
korba_21.7460_83.1858,cropland,AGRI_BURN,0.95,"The red box clearly shows agricultural fields with typical plot boundaries and crop patterns, with no industrial features, brick kilns, or structures visible inside the specified area.",
korba_21.8984_83.0638,cropland,AGRI_BURN,0.9,"The red square outlines agricultural fields showing typical rectangular parcel patterns and crop cultivation tracks, without any industrial structures, brick kilns, or chimneys visible inside the marked area.",
korba_21.6241_82.3440,cropland,AGRI_BURN,0.95,"The red square outlines an area consisting of small agricultural plots and field boundaries, characteristic of cropland.",
korba_21.8907_83.1672,cropland,AGRI_BURN,0.95,"The area inside the red square clearly shows agricultural fields arranged in irregular yet distinct rectangular plots bounded by ridges, typical of rural cropland. There are no industrial features, brick kilns, sheds, chimneys, or paved yards visible",
korba_21.7885_82.8002,cropland,AGRI_BURN,0.85,The area inside the red box shows characteristic agricultural field patterns with crop rows and bunds matching the surrounding cropland despite the presence of rural vegetation.,
korba_22.0481_82.5211,cropland,AGRI_BURN,0.95,"The red bounding box is centered over agricultural fields (cropland) characterized by well-defined rectangular plots, crop boundaries, and vegetation, with no industrial structures or brick kilns present inside.",
korba_21.6707_82.3327,cropland,AGRI_BURN,0.95,"Laal chaukor ke andar sirf khet aur kheti ki zameen (cropland) dikh rahi hai, koi industrial bhatta ya structure nahi hai.",
korba_21.8140_82.7676,cropland,AGRI_BURN,0.95,"Laal chaukor ke andar ghaney khet aur sidhi medh ki lakeerein dikh rahi hain, koi industrial ya anya cheez nahi hai.",
korba_21.6477_82.4739,cropland,AGRI_BURN,0.85,"The red box is centered on a typical agricultural field pattern with regular boundaries and vegetation typical of rural cropland, showing no industrial structures, brick kilns, or urban features inside the boundary.",
korba_22.0126_82.8510,cropland,AGRI_BURN,0.85,The red box area primarily shows agricultural field patterns and vegetation rather than industrial structures or brick kilns.,
korba_22.0838_82.2479,cropland,AGRI_BURN,0.9,The area inside the red square shows agricultural fields with typical rectangular parcel shapes and crop cultivation patterns.,
korba_21.6467_82.6267,cropland,AGRI_BURN,0.85,"The area inside the red box shows agricultural field patterns, with grid-like boundaries and crop cultivation features consistent with surrounding agricultural lands.",
korba_21.6913_83.1759,cropland,AGRI_BURN,0.95,"The red bounding box clearly encloses standard agricultural fields with visible field boundaries, ridges, and crop plots matching the surrounding cropland landscape.",
korba_21.7353_82.6594,cropland,AGRI_BURN,0.85,"The area inside the red box shows agricultural field patterns, divided into small plots typical of cropland, with no industrial structures like brick kilns, sheds, or chimneys visible inside.",
punjab_30.2607_75.9083,cropland,AGRI_BURN,0.95,"Laal chaukor ke andar sirf hara-bhara khet aur ek chhota rasta dikh raha hai, koi industrial structure ya bhatta nahi hai.",
korba_21.6742_82.8471,cropland,AGRI_BURN,0.85,The area inside the red box shows agricultural field patterns with regular plots and vegetation rather than industrial features or structures.,
korba_21.9277_83.0209,cropland,AGRI_BURN,0.95,"The red bounding box contains agricultural fields with characteristic rectangular plots, green vegetation, and field boundaries, consistent with cropland.",
korba_22.1307_82.6127,cropland,AGRI_BURN,0.95,"The red box is centered on a typical agricultural field pattern with regular boundaries and vegetation, showing no signs of industrial structures, brick kilns, or mining.",
korba_21.6297_83.2823,cropland,AGRI_BURN,0.85,"Laal chaukor ke andar agricultural fields (khet) aur kuch chhote rural residential/vegetation patches dikh rahe hain, koi industrial bhatta ya structure nahi hai.",
korba_21.6456_82.5950,cropland,AGRI_BURN,0.85,"The red bounding box primarily encloses agricultural fields and vegetation plots, matching the surrounding rural cropland pattern rather than industrial or brick kiln structures.",
korba_21.9254_82.3691,cropland,AGRI_BURN,0.95,The area inside the red box contains distinct agricultural plots with grid-like field boundaries and green vegetation typical of cropland.,
korba_21.8015_82.3859,cropland,AGRI_BURN,0.95,"Laal chaukor ke andar saaf taur par chote aayatakar khet aur unki medh (boundaries) dikh rahi hain, jo ki mukhyata kheti ki zameen ko darshata hai.",
korba_21.6873_82.6968,cropland,AGRI_BURN,0.95,The red box is positioned entirely over agricultural fields characterized by rectangular plot patterns and crop boundaries.,
punjab_30.4251_75.9966,cropland,AGRI_BURN,0.95,"Laal chaukor ke andar clearly khet (cropland) ke rectangular plots aur dividing bunds dikh rahe hain. Koi industrial structure, bhatta, ya chimney nahi hai.",
korba_21.6761_83.0119,cropland,AGRI_BURN,0.9,"The red bounding box primarily encloses agricultural field plots (cropland) demarcated by regular geometric patterns and field boundaries, along with a narrow water channel or pond running through the center.",
korba_21.9586_82.9103,cropland,AGRI_BURN,0.95,"The area inside the red square shows typical agricultural field boundaries, crop patterns, and vegetation consistent with cropland, with no industrial features like kilns, sheds, or chimneys visible inside the bounding box.",
korba_21.9122_82.6908,cropland,AGRI_BURN,0.95,"Laal chaukor ke andar spashṭ roop se khet aur unki medh ki lakeerein dikh rahi hain, koi industrial ya bhatta ki nishani nahi hai.",
korba_22.0763_82.5281,cropland,AGRI_BURN,0.95,"Laal chaukor ke andar clearly khet (agricultural plots) aur unki boundaries dikh rahi hain, koi industrial structure ya bhatta nahi hai.",
korba_22.0814_82.6923,urban,UNSURE,0.85,The red bounding box clearly shows a cluster of residential houses and small buildings within a rural village settlement.,
korba_21.9932_82.8692,cropland,AGRI_BURN,0.85,"The red bounding box primarily encloses agricultural fields with clear rectangular patterns and boundaries, characteristic of cropland, and shows no signs of industrial structures or brick kilns within its borders.",
korba_22.0432_82.8063,cropland,AGRI_BURN,0.95,The area inside the red square shows typical agricultural field patterns (cropland) with regular boundaries and lush green vegetation.,
punjab_30.7322_76.0620,cropland,AGRI_BURN,0.95,"The red bounding box entirely covers agricultural fields with regular rectangular grid patterns and crop cultivation markers, showing no industrial structures, brick kilns, or urban elements inside the marked area.",
korba_21.8881_82.4080,cropland,AGRI_BURN,0.9,"The red square primarily encloses agricultural field patterns and vegetation typical of cropland, with no industrial features like kilns or sheds visible within the box.",
korba_21.9756_82.5023,cropland,AGRI_BURN,0.95,"The red bounding box is centered over agricultural fields characterized by small rectangular plots and distinct dividing ridgelines, indicating cropland with no industrial features visible inside.",
korba_21.8754_83.0462,cropland,AGRI_BURN,0.85,"Laal chaukor ke andar mukhyata khet (cropland) aur kuch chote grameen ghar ya avshesh dikh rahe hain, koi industrial ya bhatta structure saaf nahi hai.",
korba_22.1033_82.5046,cropland,AGRI_BURN,0.95,"The area inside the red box consists clearly of agricultural fields with typical rectangular patterns, boundaries, and crop cultivation without any industrial structures or brick kilns.",
korba_21.6536_82.7182,cropland,AGRI_BURN,0.85,"Laal chaukor ke andar agricultural fields yaani cropland visible hain, jinke aas-paas medh ki lakeerein aur khet ki boundaries bani hain.",
korba_21.6704_82.5822,urban,UNSURE,0.9,"The red bounding box is centered on a cluster of residential buildings and small structures forming a village settlement, which falls under the urban landuse category.",
korba_21.7007_83.1116,cropland,AGRI_BURN,0.85,"Inside the red square, there are agricultural field patterns, boundaries, and vegetation typical of cropland rather than industrial or other structures.",
uttarakhand_30.1185_79.6710,forest,FOREST_FIRE,0.9,"The red box is located in a hilly, wooded area containing scattered trees and grassland, with no industrial, agricultural, or other distinct land use features inside the specified boundary.",
korba_21.7006_82.7869,forest,FOREST_FIRE,0.95,"The red bounding box primarily encloses dense green canopy typical of forest or dense tree cover, with no visible industrial features like brick kilns, sheds, chimneys, or paved yards inside the box.",
korba_21.7064_82.4897,cropland,AGRI_BURN,0.85,"The red bounding box primarily contains small agricultural fields, parcel boundaries, and mixed vegetation characteristic of rural farming areas rather than industrial structures or brick kilns.",
korba_21.6592_83.3178,cropland,AGRI_BURN,0.85,"The area inside the red square shows typical agricultural field patterns, boundaries, and crop cultivation rather than any industrial or brick kiln structures.",
korba_21.6769_82.9309,cropland,AGRI_BURN,0.85,"The red square primarily encloses agricultural fields with clear field boundaries and crop patterns, characteristic of cropland.",
korba_21.8057_82.6222,cropland,AGRI_BURN,0.85,Laal chaukor ke andar agricultural fields (khet) aur unke beech se guzarti hui ek choti river/canal dikh rahi hai. Yahan koi industrial structure ya bhatta nahi hai.,
korba_22.0313_82.5561,cropland,AGRI_BURN,0.95,"Laal chaukor ke andar saaf taur par khet aur aayatakar kheti ke tukde dikh rahe hain, jinme kisi bhi tarah ka industrial structure, eent ka bhatta ya chimney nahi hai.",
korba_21.6717_82.6601,cropland,AGRI_BURN,0.9,"The red bounding box is centered over agricultural fields and rural farmland divided into regular plots, with no industrial features, brick kilns, or urban structures inside the highlighted area.",
korba_21.8357_82.6114,cropland,AGRI_BURN,0.85,"The red box is located in an area showing agricultural field patterns with grid-like boundaries characteristic of cropland, lacking industrial structures like brick kilns, chimneys, or factories.",
korba_21.7761_82.9028,cropland,AGRI_BURN,0.85,"The red box area shows typical agricultural fields with patterned borders and vegetation, characteristic of cropland rather than industrial infrastructure.",
korba_21.9831_82.9052,cropland,AGRI_BURN,0.85,"The red box is centered on a rural area with agricultural fields, vegetation, and scattered rural settlement patterns rather than industrial features like brick kilns or factories.",
korba_21.8869_83.2194,cropland,AGRI_BURN,0.95,"The red square primarily encloses typical agricultural fields and crop boundaries with no industrial structures like kilns, sheds, chimneys, or paved yards present inside the designated area.",
korba_21.9553_83.0872,cropland,AGRI_BURN,0.85,"The area inside the red square consists of typical agricultural fields with grid patterns and boundary ridges, consistent with cropland.",
korba_21.9496_82.8468,cropland,AGRI_BURN,0.95,"The area inside the red square consists clearly of agricultural fields with typical rectangular grid patterns and bunds (medh), surrounded by green farmland without any industrial structures, brick kilns, or factories.",
korba_21.9863_82.3815,cropland,AGRI_BURN,0.95,"The red bounding box clearly encloses regular agricultural fields with visible field boundaries and green vegetation, matching the surrounding agricultural landscape rather than industrial features.",
korba_22.0323_82.5353,cropland,AGRI_BURN,0.85,"Inside the red bounding box, the land consists of green vegetation, small irregular farm plots, and trees, typical of cropland, with no industrial structures or brick kilns present.",
korba_21.9437_82.8218,cropland,AGRI_BURN,0.95,"The red square outlines an area entirely covered by agricultural fields (cropland) characterized by small, neatly demarcated plots and green vegetation without any industrial features, brick kilns, or buildings inside.",
korba_22.0238_82.7689,cropland,AGRI_BURN,0.85,"Laal chaukor ke andar keval hariyanvadi khet aur vanaspati/ped dikh rahe hain, koi industrial structure, chimney, bhatta ya paved yard nahi hai.",
korba_22.0484_82.6914,cropland,AGRI_BURN,0.9,"The red bounding box is centered over typical agricultural field patterns with regular rectangular plots and vegetation cover, showing no industrial structures like brick kilns or factories inside the box.",
korba_21.8562_82.6029,cropland,AGRI_BURN,0.95,"The red square indicates an area with regular grid-like field patterns and green vegetation characteristic of agricultural cropland, lacking any industrial or manufacturing structures.",
korba_21.8988_82.8859,cropland,AGRI_BURN,0.85,"The area inside the red square shows typical agricultural field patterns with regular rectangular plots and grid-like boundaries, consistent with cropland.",
korba_21.9936_82.7674,cropland,AGRI_BURN,0.95,"Laal chaukor ke andar aur uske aas-paas ke sare khet saaf taur par dikh rahe hain jinki aayatakar aur vargakar boundaries (medh) hain. Kisi bhi prakar ka industrial bhatta, factory, ya chimneys nahi dikh rahi hain.",
korba_22.0418_82.2792,cropland,AGRI_BURN,0.85,"The red bounding box is centered over a rural settlement area surrounded by agricultural fields, with no industrial features like kilns or factories visible inside.",
korba_22.1665_82.5015,cropland,AGRI_BURN,0.95,"Laal chaukor ke andar saaf taur par chote aur medium aakar ke khet (agricultural fields) aur unki medh (field boundaries) dikhayi de rahi hain, bina kisi industrial structure ya bhatte ke.",
korba_21.7653_83.1127,cropland,AGRI_BURN,0.9,"The area highlighted inside the red bounding box consists of agricultural plots, field boundaries, and scattered trees typical of rural cropland, with no industrial structures or brick kilns present.",
korba_21.7802_82.6556,cropland,AGRI_BURN,0.95,"The red box is located within an area displaying typical agricultural field patterns, characterized by cultivated plots, straight boundaries, and vegetation, without any industrial structures, brick kilns, or other non-agricultural features inside.",
korba_21.7977_82.6443,cropland,AGRI_BURN,0.95,"Laal chaukor ke andar spast roop se khet aur aisi lekhre/medh dikh rahi hain jo krishi bhoomi (cropland) ki visheshtaen hain, bina kisi bhatte, factory ya industrial/mine activity ke.",
korba_21.9524_82.5141,cropland,AGRI_BURN,0.9,"The area inside the red square shows typical agricultural field patterns, boundaries, and low-intensity land use typical of cropland rather than an industrial brick kiln.",
korba_21.9599_82.7252,cropland,AGRI_BURN,0.95,"The area inside the red box shows distinctly patterned agricultural fields with regular plot boundaries and crops, typical of cropland landuse.",
korba_22.0352_82.3835,cropland,AGRI_BURN,0.95,"The red box clearly encloses agricultural fields with typical plot boundaries and green vegetation, matching the cropland category.",
korba_21.6464_82.3681,cropland,AGRI_BURN,0.95,"The red bounding box encloses agricultural fields characterized by rectangular plots and field boundaries, consistent with surrounding cropland.",
korba_21.6521_82.9099,cropland,AGRI_BURN,0.95,"Laal chaukor ke andar spashht roop se khet aur aakar wale fasal ke tukde dikh rahe hain, jo ki cropland ko darshate hain.",
korba_21.7788_83.1458,urban,UNSURE,0.95,"The red square outlines a small rural settlement with visible houses, buildings, and connecting paths surrounded by agricultural fields.",
punjab_30.7121_75.2327,cropland,AGRI_BURN,0.95,"Laal chaukor ke andar saaf taur par rectangular khet aur seedhi medh ki lakeerein dikh rahi hain, jo cropland ko darshati hain. Yahan koi industrial structure ya bhatta nahi hai.",
korba_21.6502_82.9836,cropland,AGRI_BURN,0.85,"The red square primarily encloses agricultural fields with visible plot boundaries, crops, and rural vegetation, consistent with cropland despite some small structures nearby.",
korba_21.8423_82.9605,cropland,AGRI_BURN,0.95,"Laal chaukor ke andar agricultural fields yaani khet dikh rahe hain, jinme fasal ki hariyali aur khet ki seedhi medh bani hui hain.",
korba_21.9119_82.4190,cropland,AGRI_BURN,0.95,"Laal chaukor ke andar agricultural fields (khet) aur unke beech ki choti medh/bunds saaf dikh rahi hain, koi industrial ya bhatta structure maujood nahi hai.",
punjab_30.9688_75.4259,cropland,AGRI_BURN,0.95,"The area inside the red bounding box consists entirely of cultivated agricultural fields with clear rectangular plots, boundaries, and green crops, with no industrial structures or brick kilns present.",
korba_22.1121_82.3632,cropland,AGRI_BURN,0.85,"The area inside the red box shows agricultural field patterns with regular boundaries and crop vegetation, characteristic of cropland, despite the nearby presence of roads and non-agricultural context.",
korba_22.1820_82.2372,cropland,AGRI_BURN,0.9,"The red bounding box is centered on a well-defined agricultural field with regular rectangular plot boundaries, crop rows, and vegetation typical of cropland.",
korba_21.6353_83.1777,cropland,AGRI_BURN,0.95,The area inside the red square consists of clearly defined agricultural fields with straight field boundaries (medh) characteristic of cropland.,
korba_21.6872_82.5895,cropland,AGRI_BURN,0.95,"The red box is centered on regular agricultural field patterns with clear boundaries and crop residue, typical of cropland landuse.",
korba_21.7349_82.4036,cropland,AGRI_BURN,0.95,"Laal chaukor ke andar agricultural fields (khet) aur unki medh dikh rahi hain, koi industrial ya bhatta structure nahi hai.",
korba_21.8916_82.9435,cropland,AGRI_BURN,0.95,"The red bounding box clearly encloses agricultural fields with visible field boundaries and green crop growth, consistent with cropland.",
korba_22.0043_82.7911,cropland,AGRI_BURN,0.95,"The red box is centered on a region displaying well-defined agricultural field patterns, crop rows, and division lines (medh), surrounded by similar cropland areas with no industrial features, brick kilns, or urban structures inside the bounding box.",
korba_22.0649_82.5825,cropland,AGRI_BURN,0.85,"The red bounding box primarily encloses agricultural plots (cropland) characterized by characteristic regular field patterns and green vegetation, crossed by a road, without visible industrial structures or brick kilns inside the box itself.",
korba_22.0712_82.3781,cropland,AGRI_BURN,0.85,"The red box is centered over agricultural fields with visible crop patterns and field boundaries, despite being adjacent to a settlement.",
punjab_30.9394_75.3117,cropland,AGRI_BURN,0.95,"The red bounding box clearly shows agricultural fields divided into rectangular plots with straight boundary lines characteristic of cropland, with no industrial structures like kilns or chimneys inside.",
korba_21.6253_83.0235,cropland,AGRI_BURN,0.85,"The red box is centered on a rural agricultural area with small field patterns, scattered vegetation, and paths, lacking typical industrial or brick kiln signatures inside the box.",
korba_21.8323_82.3306,cropland,AGRI_BURN,0.9,"Laal chaukor ke andar sirf khet aur kheti ki boundary line dikh rahi hai, koi industrial structure, bhatta, ya factory nahi hai.",
korba_21.8688_83.1417,cropland,AGRI_BURN,0.7,"The red box is centered on a rural area with agricultural fields, farm patches, and sparse vegetation without any visible industrial structures, brick kilns, or factories inside.",
punjab_30.4758_75.9234,cropland,AGRI_BURN,0.9,"The area inside the red bounding box primarily consists of cultivated agricultural fields with visible field boundaries and green vegetation, characteristic of cropland.",
punjab_30.7806_75.4417,cropland,AGRI_BURN,0.95,"The area inside the red box clearly consists of agricultural fields divided by typical boundaries, with no industrial features, brick kilns, or buildings present inside the bounding box.",
punjab_30.7964_75.3356,cropland,AGRI_BURN,0.95,"The red bounding box is centered over a uniform agricultural field (cropland) characterized by standard rectangular field patterns, crop rows, and irrigation boundary lines, with no industrial structures like kilns, sheds, or paved yards present with",
korba_21.6616_83.2961,cropland,AGRI_BURN,0.9,"The area inside the red bounding box predominantly shows agricultural field patterns, bounded by field margins and cultivation grids.",
korba_21.8770_83.1039,cropland,AGRI_BURN,0.85,"The area inside the red box shows agricultural field patterns, divided plots, and vegetation rather than industrial structures or brick kilns.",
korba_21.6747_83.2680,cropland,AGRI_BURN,0.95,"The red bounding box is centered on agricultural fields with visible field boundaries and patterns characteristic of cropland, and there are no industrial structures or kilns inside the box.",
korba_21.8025_82.9678,cropland,AGRI_BURN,0.85,"The area inside the red square shows agricultural fields with typical plot boundaries and vegetation, with no signs of industrial structures like brick kilns, factories, or paved yards.",
korba_21.7815_82.8293,cropland,AGRI_BURN,0.85,"Laal chaukor ke andar cultivated agricultural fields (cropland) aur kuch chote rural structures/gharon ki rows dikh rahi hain, koi industrial ya bhatta nahi hai.",
korba_21.9352_83.2009,cropland,AGRI_BURN,0.85,"The area inside the red square consists of agricultural fields and plots, with typical field boundaries, lacking any industrial or urban structures like brick kilns or factories.",
korba_21.9924_82.2510,cropland,AGRI_BURN,0.85,"The red box is centered on a parcel of land divided into agricultural fields with rectangular boundaries and crop patterns, surrounded by similar cropland.",
punjab_30.8572_75.4686,industrial,INDUSTRIAL,0.95,"Laal chaukor ke andar ek industrial facility ya bhatta jaisa structure dikh raha hai, jismein shed, paved yard aur bare land hain, jo ki surrounding cropland se alag industrial category mein aate hain.",
korba_21.6380_83.1381,cropland,AGRI_BURN,0.85,"Inside the red square, the area consists of agricultural fields divided by regular field boundaries, with no industrial features, brick kilns, or urban structures visible.",
korba_21.9028_82.2425,cropland,AGRI_BURN,0.95,"The red bounding box clearly encloses standard agricultural fields with visible field boundaries and green vegetation, characteristic of cropland.",
korba_22.0447_83.0136,cropland,AGRI_BURN,0.9,"The red bounding box primarily encloses agricultural land and rural field patterns, with typical crop field shapes and boundaries, distinct from industrial features.",
punjab_30.3371_75.9346,industrial,INDUSTRIAL,0.95,"The red bounding box clearly shows an industrial facility, likely a kiln or factory structure with a structured layout, distinct buildings, and paved/cleared ground distinct from the surrounding cropland.",
punjab_30.4964_75.3407,cropland,AGRI_BURN,0.95,"The red bounding box encloses typical agricultural fields with rectangular plots, crop patterns, and distinct field boundaries (medh), without any industrial or manufacturing structures present inside it.",
punjab_30.5250_75.3422,cropland,AGRI_BURN,0.95,"Laal chaukor ke andar clearly aayatakar aur chaukor khet dikh rahe hain jinki seedhi medh ki lakeerein hain. Yahan koi industrial structure, bhatta, ya factory nahi hai.",
punjab_30.7682_75.9392,cropland,AGRI_BURN,0.95,"The red bounding box clearly encloses agricultural fields with regular rectangular boundaries and crop cover, matching the characteristics of cropland.",
korba_21.7257_82.8320,cropland,AGRI_BURN,0.99,"Laal chaukor ke andar saaf taur par chhote aayatakar khet aur medh dikhai de rahe hain, jo ki pure kshetra mein phaili hui krishi bhumi (cropland) ka hissa hain.",
korba_21.7415_82.9267,cropland,AGRI_BURN,0.85,"The area inside the red square shows agricultural field patterns, distinct grid boundaries, and vegetation typical of cropland.",
korba_21.7580_82.5998,cropland,AGRI_BURN,0.95,"The red bounding box is centered over typical agricultural fields with distinct rectangular parcel boundaries and crop patterns, showing no industrial or other distinct features inside.",
korba_21.7923_82.5939,cropland,AGRI_BURN,0.9,"The red bounding box contains agricultural fields, soil plots, and rural vegetation patterns without any industrial structures like brick kilns or factories.",
korba_21.8253_82.9811,cropland,AGRI_BURN,0.85,"The area inside the red box shows characteristic agricultural field patterns with defined rectangular plots and green/brown vegetation, typical of cropland rather than industrial or other structures.",
korba_21.9124_83.1035,cropland,AGRI_BURN,0.95,"The area inside the red square consists of agricultural fields with distinct boundaries and crop patterns, characteristic of cropland.",
korba_21.9332_82.2047,cropland,AGRI_BURN,0.95,"The red square outlines an agricultural field with visible regular grid-like crop plots and green vegetation, typical of cropland landuse.",
korba_22.0179_82.2986,cropland,AGRI_BURN,0.95,"The red bounding box clearly encloses agricultural fields (cropland) characterized by rectangular field plots and regular cultivation patterns, surrounded by similar agricultural land.",
korba_21.8058_83.1433,cropland,AGRI_BURN,0.85,The red square primarily encloses agricultural field patterns and soil areas rather than industrial infrastructure like brick kilns or factories.,
korba_21.9166_82.9904,cropland,AGRI_BURN,0.85,"The red box is centered on cultivated agricultural fields showing distinct grid-like farm boundaries and lush green crops, consistent with surrounding farmland.",
korba_21.9460_82.5725,cropland,AGRI_BURN,0.85,Laal chaukor ke andar agricultural fields ya khet dikh rahe hain jinme seedhi line aur grid pattern hai.,
korba_22.0091_82.6249,cropland,AGRI_BURN,0.85,"The red bounding box is centered on agricultural land with visible field patterns and vegetation, showing no signs of industrial structures like brick kilns, factories, or paved yards inside the box.",
korba_22.0571_83.0013,cropland,AGRI_BURN,0.85,"The area inside the red box shows agricultural fields with regular plot boundaries and vegetation, distinct from industrial brick kilns or other man-made structures.",
punjab_30.4094_75.9737,cropland,AGRI_BURN,0.95,"Laal chaukor ke andar saaf taur par anaj ya fasal wale aayatakar khet (cropland) aur unke beech ki medh ki lakeerein dikh rahi hain. Yahan koi industrial structure, bhatta, chimney ya paved yard nahi hai.",
punjab_30.7113_75.9159,cropland,AGRI_BURN,0.95,"The red bounding box encloses agricultural fields with clear rectangular plot boundaries and typical crop cultivation patterns, with no industrial structures or brick kilns visible inside.",
punjab_30.7631_75.3168,cropland,AGRI_BURN,0.95,"The red box encompasses typical agricultural fields with characteristic rectangular field boundaries and crop cultivation patterns, showing no industrial infrastructure, brick kilns, or buildings inside.",
korba_21.6722_82.7577,cropland,AGRI_BURN,0.85,"The area inside the red square shows regular field patterns, crop plots, and green vegetation characteristic of agricultural cropland rather than industrial or other uses.",
korba_21.8267_83.1830,cropland,AGRI_BURN,0.85,"The red bounding box is centered over agricultural fields showing distinct regular field patterns and crop boundaries typical of cropland, with no industrial structures or brick kilns clearly visible inside the marked area.",
korba_21.9194_82.5951,cropland,AGRI_BURN,0.95,"The area inside the red square clearly shows structured agricultural fields with boundaries and green vegetation, typical of cropland, with no industrial structures or brick kilns present inside the bounding box.",
korba_21.9742_82.6520,cropland,AGRI_BURN,0.9,"The area inside the red square shows agricultural field patterns, divided plots, and vegetation typical of cropland, with no industrial infrastructure, brick kilns, or large sheds visible.",
punjab_30.6221_75.9521,cropland,AGRI_BURN,0.95,The area enclosed within the red square consists of regular agricultural field parcels with straight boundaries characteristic of cultivated land.,
punjab_30.6792_75.6794,industrial,INDUSTRIAL,0.95,"Laal chaukor ke andar ek industrial unit (jaise ki ek bhatta ya storage shed aur paved yard) saaf dikhai de raha hai, jiske aas-paas khali zameen ya structures hain. Yeh cropland ya jungle nahi hai.",
korba_21.8393_82.5532,cropland,AGRI_BURN,0.85,"Laal chaukor ke andar agricultural fields (khet) aur unki rectangular medh dikh rahi hain, koi industrial ya bhatta structure nahi hai.",
korba_21.8543_83.0517,cropland,AGRI_BURN,0.85,The red square primarily encloses agricultural field patterns with regular plot boundaries and vegetation.,
korba_21.9851_82.3417,cropland,AGRI_BURN,0.95,"Laal chaukor ke andar saaf taur par khet (cropland) ki aayatakar boundaries aur medh ki lakeerein dikh rahi hain, koi industrial ya brick kiln feature maujood nahi hai.",
korba_21.9935_82.3063,cropland,AGRI_BURN,0.95,"The red box encompasses agricultural fields with clear rectangular parcel boundaries and crop patterns, showing no industrial features or brick kilns within the marked area.",
korba_22.0487_82.6139,cropland,AGRI_BURN,0.95,"The red square outlines an area with distinct rectangular agricultural field patterns, boundaries, and crop cover typical of cropland.",
punjab_30.3423_75.8687,cropland,AGRI_BURN,0.95,"Inside the red bounding box, there are clear agricultural fields and straight farm boundaries characteristic of cropland, with no industrial structures like brick kilns or factories present.",
punjab_30.5821_75.7129,cropland,AGRI_BURN,0.95,"Laal chaukor ke andar saaf taur par anaj ya fasal ke khet (cropland) dikh rahe hain, jinme aayatakar khet aur seedhi medh ki lakeerein hain. Koi industrial, bhatta ya anya gair-krishi structure nahi dikh raha.",
singrauli_24.2022_82.6461,industrial,INDUSTRIAL,0.85,"The red bounding box encloses a brick kiln (eent ka bhatta) featuring an oval layout with a central chimney and bare soil patches, typical of small rural industrial sites.",
korba_21.7604_82.9474,cropland,AGRI_BURN,0.95,"The red square outlines an agricultural field with clear parcel boundaries and green vegetation, typical of cropland, with no industrial or mining infrastructure present inside the boundary.",
korba_21.6342_82.8158,cropland,AGRI_BURN,0.95,"The area inside the red box shows regular agricultural plots, green field patterns, and field boundaries consistent with cropland.",
korba_21.8277_82.9403,cropland,AGRI_BURN,0.95,"The red box encompasses agricultural fields with clear grid-like crop patterns, boundaries, and varying shades of green and bare soil typical of farmland, without any industrial structures like brick kilns, sheds, or chimneys.",
punjab_30.5735_75.3985,cropland,AGRI_BURN,0.85,"The red bounding box primarily covers agricultural fields (cropland) characterized by green rectangular plots and dividing farm tracks, without any distinct industrial structures like kilns or factories inside it.",
punjab_30.6244_75.3995,cropland,AGRI_BURN,0.95,"The area inside the red square shows standard agricultural fields (cropland) characterized by rectangular field plots, crop boundaries, and green vegetation without any industrial structures, brick kilns, or paved yards.",
uttarakhand_30.0586_80.1863,barren,UNSURE,0.9,"The red square outlines a portion of dry, rugged, mountainous terrain with sparse vegetation and no visible industrial structures, mining activities, cropland patterns, or buildings.",
korba_21.7044_83.1609,cropland,AGRI_BURN,0.85,"Inside the red square, the area displays grid-like patterns and boundaries characteristic of agricultural fields and cultivated land.",
korba_21.9026_83.0146,cropland,AGRI_BURN,0.85,"The red box is centered on a rural agricultural area showing typical crop fields, field boundaries, and harvested land patterns.",
korba_21.9295_82.2711,cropland,AGRI_BURN,0.95,"Laal chaukor ke andar clearly khet (agricultural plots) aur medh ki lakeerein dikh rahi hain, koi industrial ya anya structure nahi hai.",
korba_22.0007_82.9503,cropland,AGRI_BURN,0.95,"The red box is centered over agricultural fields featuring distinct rectangular boundaries and irrigation patterns, with no industrial structures or brick kilns visible inside.",
punjab_30.9352_75.3976,cropland,AGRI_BURN,0.95,"Laal chaukor ke andar sirf khet aur kheti ki zameen dikh rahi hai, koi industrial bhatta ya structure nahi hai.",
korba_21.6801_82.4003,cropland,AGRI_BURN,0.85,"The red box is centered on a typical agricultural field parcel showing crop patterns, parcel boundaries, and dirt paths without any industrial features like a brick kiln or factory shed.",
korba_21.9216_83.0821,cropland,AGRI_BURN,0.95,"The red box clearly encloses agricultural fields with typical plot divisions, crop rows, and earth ridges characteristic of cropland, with no industrial features like kilns or sheds visible inside the bounding box.",
korba_22.0769_82.4634,cropland,AGRI_BURN,0.85,"The area inside the red box shows characteristic agricultural field patterns, partitioned plots, and farm vegetation without any industrial structures like brick kilns, chimneys, or paved yards.",
korba_22.1845_82.6161,forest,FOREST_FIRE,0.95,"The red bounding box is located entirely within a dense canopy of trees, characteristic of a forest.",
punjab_30.7061_76.0008,cropland,AGRI_BURN,0.95,"The red square outlines an agricultural field showing regular grid-like boundaries, crop patterns, and vegetation cover typical of cropland without any industrial structures like brick kilns or sheds inside.",
korba_21.6512_82.2144,cropland,AGRI_BURN,0.85,The red box is located in an area with rectangular agricultural plots and green vegetation characteristic of cropland.,
jamnagar_21.8036_69.6443,cropland,AGRI_BURN,0.95,Laal chaukor ke andar clearly khet (cropland) ki rectilinear boundaries aur alag-alag rang ke agricultural plots dikh rahe hain. Koi industrial ya bhatte ki structure maujood nahi hai.,
jamnagar_21.8059_70.0368,forest,FOREST_FIRE,0.95,"The area inside the red square consists entirely of dense tree cover and vegetation typical of a forested hilly terrain, with no industrial structures, mines, or croplands visible within the boundaries.",
jamnagar_21.8066_70.0427,forest,FOREST_FIRE,0.99,"The red bounding box is densely covered by trees, characteristic of a forest canopy with no industrial, mining, or agricultural features visible inside the box.",
jamnagar_21.8424_70.3333,cropland,AGRI_BURN,0.9,"Laal chaukor ke andar cultivated agricultural fields (khet) dikh rahe hain, jinme seedhi medh aur alag-alag rang ke crop patches hain.",
jamnagar_21.8696_70.3036,cropland,AGRI_BURN,0.95,"Laal chaukor ke andar agricultural fields yaani khet aur unke beech ki medh/boundaries saaf dikh rahi hain. Yahan koi industrial structure, bhatta ya chimney nahi hai.",
jamnagar_21.8919_69.8965,cropland,AGRI_BURN,0.95,"The red square primarily encloses agricultural field plots with distinct boundary lines and varied crop/soil textures characteristic of cropland, with no industrial features like brick kilns or sheds visible inside the square.",
jamnagar_21.9026_70.1221,cropland,AGRI_BURN,0.95,"The red box encloses agricultural fields characterized by rectangular plots and crop rows, without any industrial structures like brick kilns or sheds inside.",
jamnagar_21.9230_70.3542,cropland,AGRI_BURN,0.95,The area inside the red square shows typical agricultural fields (cropland) characterized by rectangular farm plots and distinct field boundaries.,
jamnagar_21.9249_70.2985,cropland,AGRI_BURN,0.95,"The area inside the red square shows regular agricultural fields with visible crop rows and field boundaries, characteristic of cropland.",
jamnagar_21.9252_70.3643,cropland,AGRI_BURN,0.95,"The red bounding box encloses regular agricultural fields with visible straight crop rows and field boundaries, consistent with surrounding cropland rather than industrial structures or brick kilns.",
jamnagar_21.9265_70.0981,cropland,AGRI_BURN,0.85,"The red box highlights an agricultural field area surrounded by other agricultural parcels, showing no distinct industrial or brick kiln structures inside the box.",
jamnagar_21.9447_70.0529,industrial,INDUSTRIAL,0.95,"The red box contains a solar farm, characterized by rows of solar panels. Solar installations are classified as industrial land use.",
jamnagar_21.9483_70.4709,cropland,AGRI_BURN,0.95,"The red box is centered entirely on cultivated agricultural fields divided into typical rectangular plots with clear farm boundaries, with no industrial structures or brick kilns present inside the bounding box.",
jamnagar_21.9529_70.0667,cropland,AGRI_BURN,0.99,"The red bounding box clearly frames an agricultural area consisting of rectangular crop fields with regular boundary lines, typical of cropland landuse.",
jamnagar_21.9848_70.5260,forest,FOREST_FIRE,0.85,"The red bounding box is centered on an area with dense trees and dark canopy cover, indicating a small patch of forest surrounded by agricultural fields.",
jamnagar_21.9961_70.4744,cropland,AGRI_BURN,0.95,"Laal chaukor ke andar cultivated fields aur agricultural land dikh raha hai, koi industrial structure ya bhatta nahi hai.",
jamnagar_22.0143_69.8663,industrial,INDUSTRIAL,0.85,"Inside the red square, there are solar panel arrays installed, representing an industrial energy generation facility surrounded by agricultural fields.",
jamnagar_22.0203_70.1157,cropland,AGRI_BURN,0.85,"Inside the red square, there are regular agricultural fields with visible crop rows and field boundaries, consistent with surrounding cropland rather than any industrial site or brick kiln.",
jamnagar_22.0259_70.1105,cropland,AGRI_BURN,0.85,"The red bounding box primarily encloses agricultural plots, field boundaries, and patches of vegetation similar to the surrounding cropland landscape, with no prominent industrial or brick kiln structures inside the exact boxed area.",
jamnagar_22.0301_70.1183,cropland,AGRI_BURN,0.9,"The red square primarily encloses agricultural field plots with defined boundaries, surrounded by other cropland.",
jamnagar_22.0359_70.1113,cropland,AGRI_BURN,0.95,"The area inside the red square consists of agricultural fields with straight boundaries and cultivated crops, typical of cropland landuse.",
jamnagar_22.0377_70.4236,cropland,AGRI_BURN,0.95,"The red bounding box is centered over agricultural fields with distinct rectangular plots and boundary lines, characteristic of cropland.",
jamnagar_22.0405_70.5794,cropland,AGRI_BURN,0.95,The red bounding box is centered over agricultural fields (cropland) characterized by well-defined rectangular parcels and farm boundaries.,
jamnagar_22.0594_70.5635,cropland,AGRI_BURN,0.9,"The red bounding box primarily encloses agricultural fields with visible straight farm boundaries and plowed land typical of cropland, consistent with the surrounding landscape.",
jamnagar_22.1363_70.2388,industrial,INDUSTRIAL,0.95,"The red bounding box clearly shows an arrangement of parallel rows of solar photovoltaic panels, representing a solar power plant installation, which falls under industrial infrastructure.",
jamnagar_22.1443_70.2290,cropland,AGRI_BURN,0.95,"Laal chaukor ke andar clearly khet (cropland) ke rectangular plots aur ploughing lines dikh rahi hain. Yahan koi industrial structure, bhatta ya factory nahi hai.",
jamnagar_22.1801_70.2537,cropland,AGRI_BURN,0.85,"Laal chaukor ke andar cultivated agricultural fields aur kuch rural farm structures ya chote paths dikh rahe hain, koi industrial ya brick kiln (bhatta) ki distinct features jaise chimney ya shed nahi hai.",
jamnagar_22.1818_70.2529,cropland,AGRI_BURN,0.95,"The red bounding box primarily encloses agricultural fields with clear soil preparation, boundary lines, and crop patches, typical of rural cropland without any industrial brick kilns, sheds, or mining activity visible inside the box.",
jamnagar_22.1859_70.2462,industrial,INDUSTRIAL,0.95,"Laal chaukor ke andar eent ka bhatta ya chhota industrial setup clearly dikh raha hai, jisme lambe structures aur nangi bhoori zameen hai.",
jamnagar_22.2274_70.3719,cropland,AGRI_BURN,0.9,"Inside the red square, the area consists primarily of agricultural field parcels with regular boundaries and crop patterns, showing no industrial or structural features like brick kilns or factories.",
jamnagar_22.2583_70.2644,industrial,INDUSTRIAL,0.95,"The red bounding box clearly frames a solar farm installation, characterized by large arrays of photovoltaic panels and associated industrial infrastructure, which falls under industrial land use.",
jamnagar_22.2664_70.2552,industrial,INDUSTRIAL,0.95,"The red bounding box clearly encompasses large solar panel installations arranged in rows, which are classified as industrial energy facilities.",
jamnagar_22.2973_69.7013,cropland,AGRI_BURN,0.95,"The red square outlines an agricultural field with clear rectangular boundaries, green crop cover, and dirt paths, consistent with cropland.",
jamnagar_22.2975_69.7268,cropland,AGRI_BURN,0.95,"Laal chaukor ke andar saaf taur par anaj ya fasal ugane ke liye banaye gaye chote-bade aayatakar khet, medh aur alag-alag rangon ke fasli plot dikh rahe hain. Yahan koi industrial structure, bhatta, ya chimney nahi hai.",
jamnagar_22.2979_69.7037,cropland,AGRI_BURN,0.85,"The red bounding box primarily encloses agricultural fields with green vegetation and regular field boundaries, alongside some bare soil patches, consistent with cropland.",
jamnagar_22.3027_69.7263,cropland,AGRI_BURN,0.85,"The red bounding box encloses agricultural plots, characterized by regular geometric field patterns and crop vegetation visible within the bounded area.",
jamnagar_22.3030_69.7297,cropland,AGRI_BURN,0.95,"The red bounding box clearly encloses regular agricultural fields, visible through their distinct plot boundaries and green/brown cultivation patterns, with no industrial features like brick kilns, sheds, or machinery present inside.",
jamnagar_22.3128_69.6970,cropland,AGRI_BURN,0.9,"The area inside the red bounding box consists of agricultural fields (cropland) characterized by regular rectangular parcel shapes, plowed earth, and crop patterns.",
jamnagar_22.3144_69.6779,barren,UNSURE,0.85,"Inside the red bounding box, the terrain is dry, barren earth next to a water body with no visible structures, buildings, or intensive agriculture.",
jamnagar_22.3148_69.6833,cropland,AGRI_BURN,0.85,"Inside the red square, there are clearly visible green agricultural plots and field boundaries (medh) characteristic of cropland, despite being adjacent to barren and industrial areas.",
jamnagar_22.3183_69.6807,industrial,INDUSTRIAL,0.95,"Laal chaukor ke andar ek industrial structure jaise ki ek chimney aur uske paas ke buildings/sheds dikh rahe hain, jo ki ek brick kiln (eent ka bhatta) ya similar industrial facility ko darshate hain.",
jamnagar_22.3212_69.7083,cropland,AGRI_BURN,0.85,"Laal chaukor ke andar cultivated khet (cropland) aur kuch hari ghas aur medh ki lakeerein dikh rahi hain, koi industrial ya brick kiln structure nahi hai.",
jamnagar_22.3225_69.9311,cropland,AGRI_BURN,0.85,"The area inside the red square primarily shows agricultural plots with distinct field boundaries and green vegetation, typical of cropland, despite being adjacent to built-up infrastructure.",
jamnagar_22.3290_69.9035,industrial,INDUSTRIAL,0.95,"The red square outlines an administrative or facility building within a heavily industrial complex, featuring structured paved pathways, a water body, and proximity to factory infrastructure.",
jamnagar_22.3292_69.8429,industrial,INDUSTRIAL,0.85,"The red bounding box encloses a water treatment or industrial settling pond facility with industrial structures, containment basins, and associated paved infrastructure, distinct from the surrounding agricultural fields.",
jamnagar_22.3294_69.8971,industrial,INDUSTRIAL,0.95,"Laal chaukor ke andar industrial infrastructure jaise ki paved area, storage structures, aur facility buildings dikh rahe hain jo bade industrial complex ka hissa hain.",
jamnagar_22.3294_70.2990,cropland,AGRI_BURN,0.85,"The area inside the red square shows agricultural fields and natural vegetation rather than industrial structures, factories, or brick kilns.",
jamnagar_22.3296_69.8457,industrial,INDUSTRIAL,0.95,The red box encompasses industrial processing units and related infrastructure within a large refinery and industrial complex.,
jamnagar_22.3310_69.6811,cropland,AGRI_BURN,0.95,"The area inside the red box clearly shows agricultural fields with distinct boundaries and crop patterns, characteristic of cropland.",
jamnagar_22.3328_69.9246,barren,UNSURE,0.85,"The red bounding box encloses vacant, dry, and unused ground without any visible structures, industrial features, active cultivation, or dense vegetation.",
jamnagar_22.3332_69.8187,cropland,AGRI_BURN,0.95,"Laal chaukor ke andar spashht roop se aayatakar khet aur kheti ki medh dikhayi de rahi hai, aur yahan kisi prakar ka bhatta ya industrial activity nahi hai.",
jamnagar_22.3370_69.7280,industrial,INDUSTRIAL,0.85,"The red box highlights a brick kiln (eent ka bhatta) characterised by a distinct rectangular layout with raw brick stacks and bare ground, classifying it as industrial.",
jamnagar_22.3424_69.8933,industrial,INDUSTRIAL,0.95,"The red box is centered over an industrial facility featuring rectangular structures, treatment units, and pipes, characteristic of a refinery or processing plant.",
jamnagar_22.3522_70.2293,cropland,AGRI_BURN,0.85,"The red bounding box is centered on agricultural land with visible field boundaries and vegetation, showing no industrial or structural features inside.",
jamnagar_22.3526_70.2340,cropland,AGRI_BURN,0.85,"The red box highlights an agricultural field area with visible crop rows and field boundaries, lacking any industrial or brick kiln structures inside the bounded area.",
jamnagar_22.3527_69.8950,industrial,INDUSTRIAL,0.95,"The red box focuses on an area containing industrial infrastructure including storage yards, structures, and connecting roads situated within a heavy industrial refinery complex.",
jamnagar_22.3591_69.8397,cropland,AGRI_BURN,0.9,"The area inside the red square clearly shows cultivated rectangular plots with distinct green vegetation and field boundaries, characteristic of agricultural cropland.",
jamnagar_22.3592_69.7501,cropland,AGRI_BURN,0.95,"The red bounding box clearly encloses standard agricultural fields with distinct boundaries, green crops, and plowed soil, characteristic of cropland without any industrial structures.",
jamnagar_22.3609_70.5322,cropland,AGRI_BURN,0.95,"The area inside the red square primarily consists of agricultural fields and plots divided by straight boundary lines, characteristic of cropland, with no industrial structures like brick kilns or factories present within the bounded area.",
jamnagar_22.3625_69.8069,industrial,INDUSTRIAL,0.85,Laal chaukor ke andar eent ke bhatte ki shakal aur industrial structures dikh rahe hain.,
jamnagar_22.3631_70.2293,cropland,AGRI_BURN,0.85,"The red square primarily encloses agricultural fields with visible field boundaries and crops, alongside some rural road intersections and sparse vegetation, rather than any industrial facilities or brick kilns.",
jamnagar_22.3724_70.2795,cropland,AGRI_BURN,0.9,"The red box is centered on a segmented agricultural area featuring rows of crops and cultivated plots, characteristic of cropland.",
jamnagar_22.3817_69.8787,industrial,INDUSTRIAL,0.85,"The marked red box contains a cleared plot of land with earthmoving features, located adjacent to industrial developments and roads, indicating ongoing industrial or infrastructure work rather than farming.",
jamnagar_22.3885_69.8726,cropland,AGRI_BURN,0.85,"The area inside the red box predominantly shows agricultural field patterns with defined field boundaries and crops, similar to the surrounding cropland.",
jamnagar_22.3894_69.8711,urban,UNSURE,0.9,The red box encompasses a densely packed cluster of residential buildings and structures typical of an urban settlement or village abadi.,
jamnagar_22.3992_69.8615,cropland,AGRI_BURN,0.9,"The area inside the red box clearly shows agricultural fields divided by straight boundaries and cultivated plots, with no industrial features like kilns or sheds visible.",
jamnagar_22.4002_69.8600,cropland,AGRI_BURN,0.95,"The red bounding box primarily contains agricultural fields (cropland) characterized by rectangular field patterns and divided by straight boundary lines, without any industrial structures, brick kilns, or urban features inside.",
jamnagar_22.4034_69.7168,industrial,INDUSTRIAL,0.95,"Laal chaukor ke andar ek gol aakar ka structure (bhatta/kiln) aur usse juda hua area saaf dikh raha hai, jo industrial landuse ke antargat aata hai.",
jamnagar_22.4104_69.8834,cropland,AGRI_BURN,0.85,"Inside the red bounding box, the land consists primarily of cultivated agricultural fields with distinct boundaries and crop patterns, characteristic of cropland.",
jamnagar_22.4105_70.0702,cropland,AGRI_BURN,0.85,"The red bounding box is centered on agricultural land with distinct field boundaries and crop patterns, showing no industrial features or brick kilns within the specific area.",
jamnagar_22.4106_69.8576,cropland,AGRI_BURN,0.9,"The area inside the red bounding box consists of agricultural fields with typical field boundaries, vegetation, and soil patterns.",
jamnagar_22.4168_69.8827,cropland,AGRI_BURN,0.85,"The red bounding box primarily encloses agricultural field patterns and soil without any industrial structures, brick kilns, or urban features inside.",
jamnagar_22.4318_70.0238,cropland,AGRI_BURN,0.95,"The red box clearly frames agricultural fields with distinct rectangular plot boundaries and crop rows characteristic of cropland landuse, with no industrial features visible inside.",
jamnagar_22.4324_70.0353,barren,UNSURE,0.85,"The red bounding box contains vacant, dry, and cleared brown land without visible structures like sheds, kilns, or active agriculture.",
jamnagar_22.4349_70.0289,cropland,AGRI_BURN,0.85,"The red bounding box is centered on agricultural fields with visible field boundaries and vegetation patches, not showing any industrial structures, brick kilns, or urban features within the exact area.",
jamnagar_22.4378_69.9386,cropland,AGRI_BURN,0.95,"Laal chaukor ke andar clearly khet dikh rahe hain jinki seedhi medh aur alag-alag rang ki mitti ki boundaries hain. Koi industrial structure, eent ka bhatta ya shed nahi hai.",
jamnagar_22.4394_70.0355,urban,UNSURE,0.9,"The red bounding box clearly highlights a densely built residential area with multiple housing rooftops and urban infrastructure, surrounded by roads.",
jamnagar_22.4440_70.0333,industrial,INDUSTRIAL,0.8,"The red box clearly frames a cluster of industrial/commercial structures and a paved yard amid surrounding land, consistent with small-scale industrial use.",
jamnagar_22.5772_70.2386,cropland,AGRI_BURN,0.95,"The area inside the red box shows typical agricultural field patterns with clear borders, ploughed soil, and no industrial structures or brick kilns present.",
jamnagar_22.5772_70.2395,cropland,AGRI_BURN,0.9,"The red bounding box encloses agricultural fields with clear rectangular plots, field boundaries, and varying crop/soil states characteristic of cropland, with no industrial features like kilns or chimneys inside.",
jamnagar_22.5983_70.4678,industrial,INDUSTRIAL,0.95,"The bounding box highlights a solar panel array (or energy facility), which is classified as industrial land use based on the presence of structured energy infrastructure rather than natural or agricultural cover.",
jamnagar_22.6101_70.4641,industrial,INDUSTRIAL,0.95,"The red bounding box clearly encloses an array of photovoltaic solar panels, which are industrial energy installations, located within a surrounding agricultural landscape.",
jamnagar_22.7009_70.4655,cropland,AGRI_BURN,0.95,"The red square outlines agricultural fields showing regular geometric field patterns, crop boundaries, and vegetation, consistent with cropland land use.",
jamnagar_22.7166_70.4578,cropland,AGRI_BURN,0.95,The red square outlines an area containing agricultural fields with distinct rectangular plots and crop rows characteristic of cropland.,
jamnagar_22.7183_70.5642,cropland,AGRI_BURN,0.95,"Laal chaukor ke andar agricultural fields (khet) aur mitti ki boundaries dikh rahi hain, koi industrial ya brick kiln structure nahi hai.",
jamnagar_22.7191_70.5524,industrial,INDUSTRIAL,0.95,"Laal chaukor ke andar solar panels ki rows aur usse jude hue industrial structures ya equipment clearly visible hain, jo ki ek industrial installation ko darshate hain.",
jamnagar_22.7196_70.5465,cropland,AGRI_BURN,0.85,The red bounding box is primarily located over agricultural fields and dirt plots with no visible industrial structures or brick kilns inside it.,
jamnagar_22.7209_70.5460,cropland,AGRI_BURN,0.85,"The red bounding box primarily encloses agricultural fields with clear field boundaries and crop growth, alongside a portion of a small solar panel array on the right side.",
jamnagar_22.7257_70.5626,cropland,AGRI_BURN,0.9,"The area inside the red square shows agricultural field patterns with regular shapes and crop textures, consistent with surrounding farmland.",
jamnagar_22.7302_70.5491,industrial,INDUSTRIAL,0.95,"The red box clearly frames a solar panel farm installation, which falls under industrial use as a power generation facility, distinct from the surrounding cropland.",
jamnagar_22.7495_70.5807,cropland,AGRI_BURN,0.95,The red square outlines an agricultural field with straight boundaries and crop patterns identical to the surrounding cropland.,
jamnagar_22.7528_69.5559,industrial,INDUSTRIAL,0.95,"The red bounding box encloses a section of an industrial port storage yard featuring elongated bulk material stockpiles (such as coal or ore) and transport tracks, characteristic of port logistics and heavy industrial facilities.",
jamnagar_22.7535_69.5611,industrial,INDUSTRIAL,0.95,"The red box highlights a large industrial storage yard, specifically a bulk material storage and handling facility with characteristic linear stockyards, conveyor systems, and docking infrastructure nearby.",
jamnagar_22.7551_69.5646,industrial,INDUSTRIAL,0.95,"The area inside the red square shows bulk storage yards, conveyor systems, and port loading infrastructure typical of an industrial coal or bulk material handling facility.",
jamnagar_22.7822_70.5009,industrial,INDUSTRIAL,0.95,"The area inside the red bounding box clearly shows rectangular industrial shed structures and solar panel arrays, which correspond to industrial utility infrastructure rather than agricultural fields.",
jamnagar_22.7885_69.6603,industrial,INDUSTRIAL,0.95,"The red bounding box clearly frames large industrial storage sheds and a paved yard, characteristic of an industrial facility.",
jamnagar_22.7920_69.6650,industrial,INDUSTRIAL,0.95,"Laal chaukor ke andar bade aayatakar shed (industrial warehouses) saaf dikh rahe hain, jo ki industrial landuse ko darshate hain.",
jamnagar_22.8030_69.6814,industrial,INDUSTRIAL,0.9,"Laal chaukor ke andar vehicles/cars ya storage area ke saath ek paved yard ya vehicle parking/storage yard nazar aa raha hai, jo industrial ya commercial activity ke antargat aata hai.",
jamnagar_22.8042_69.6623,industrial,INDUSTRIAL,0.8,"The red bounding box encloses ground disturbance, small structures, and storage/working yard areas characteristic of small-scale industrial use or material yards.",
jamnagar_22.8177_69.5327,industrial,INDUSTRIAL,0.85,"Laal chaukor ke andar ek paved road, kuch technical ya industrial infrastructure ka hissa aur ek chhota sa black coal storage ya industrial yard ka corner dikh raha hai, jo industrial landuse ko darshata hai.",
jamnagar_22.8203_69.7169,cropland,AGRI_BURN,0.9,"The area inside the red square shows agricultural fields with distinct parcel boundaries and crop patterns, characteristic of cropland.",
jamnagar_22.8245_69.5171,industrial,INDUSTRIAL,0.85,"Laal chaukor ke andar industrial sheds aur infrastructure dikh rahe hain, jo aas-paas ke forested ya agricultural area ke beech ek industrial facility ya plant ka hissa malum hote hain.",
jamnagar_22.8251_69.5172,industrial,INDUSTRIAL,0.9,"Laal chaukor ke andar bade industrial sheds, buildings aur paved yard saaf dikh rahe hain.",
jamnagar_22.8280_69.5469,industrial,INDUSTRIAL,0.8,"The red bounding box contains small buildings, structures, and associated paved or cleared ground adjacent to the large industrial thermal power plant complex seen to the south and east.",
jamnagar_22.8296_69.4999,cropland,AGRI_BURN,0.85,"The area inside the red square shows agricultural field patterns, divided plots, and vegetation rather than industrial structures or kilns.",
jamnagar_22.8300_69.5002,cropland,AGRI_BURN,0.85,"The area inside the red square primarily shows agricultural field patterns with defined parcel boundaries, surrounded by vegetation and vegetation patches rather than industrial or mining features.",
jamnagar_22.8302_69.6851,industrial,INDUSTRIAL,0.85,Laal chaukor ke andar eent ka bhatta ya chhota industrial setup dikh raha hai jiske paas saaf paved area aur chhatein hain.,
jamnagar_22.8343_69.5488,industrial,INDUSTRIAL,0.85,"The red bounding box contains what appears to be an industrial structure, possibly a small kiln or shed associated with surrounding industrial activity near Mundra TPP, situated on cleared bare ground.",
jamnagar_22.8351_69.6980,industrial,INDUSTRIAL,0.95,"The red bounding box clearly contains large industrial warehouse sheds and associated paved/cleared grounds, indicative of industrial activity rather than surrounding land uses.",
jamnagar_22.8380_69.7576,cropland,AGRI_BURN,0.85,"The area inside the red box shows agricultural field patterns, divided into regular plots and cropped areas, typical of surrounding cropland without industrial structures like brick kilns or factories.",
jamnagar_22.8400_69.4964,cropland,AGRI_BURN,0.95,"Laal chaukor ke andar clearly khet (agricultural fields) aur unki seedhi medh ki lakeerein dikh rahi hain, koi bhatta, industry, ya factory ka shed nahi hai.",
jamnagar_22.8423_69.7186,industrial,INDUSTRIAL,0.85,Laal chaukor ke andar eent ka bhatta ya chhota industrial yard dikh raha hai jiski nangi bhoori zameen aur shakal us category ke antargat aati hai.,
jamnagar_22.8452_69.7632,industrial,INDUSTRIAL,0.88,The red bounding box clearly frames an oval-shaped brick kiln (bhatta) complex with exposed bare soil and typical layout characteristics.,
jamnagar_22.8458_69.7635,cropland,AGRI_BURN,0.7,"The red bounding box primarily encloses agricultural plots, field boundaries, and scattered rural vegetation typical of cropland, rather than industrial facilities or brick kilns.",
jamnagar_22.8708_69.6949,cropland,AGRI_BURN,0.85,"The red bounding box primarily contains agricultural fields with visible straight field boundaries and crop patterns, distinct from industrial structures.",
jamnagar_22.8856_69.6622,cropland,AGRI_BURN,0.85,"Inside the red bounding box, there are agricultural field boundaries and vegetation characteristic of cropland, with no industrial structures or brick kilns present.",
jamnagar_22.8874_69.6597,barren,UNSURE,0.85,Laal chaukor ke andar khaali sookhi zameen hai jispar na to koi khet ke nishaan hain aur na hi koi industrial structure ya bhatta dikh raha hai.,
jamnagar_22.8931_69.8983,industrial,INDUSTRIAL,0.95,"Laal chaukor ke andar aur uske thoda upar industrial infrastructure jaise power plant ke structures, storage sheds, aur paved facilities saaf dikh rahe hain.",
jamnagar_22.8944_69.9006,industrial,INDUSTRIAL,0.95,The red box contains a large arched industrial storage shed and associated paved yard space connected to the larger power plant complex seen immediately to the left.,
jamnagar_22.8947_69.6650,industrial,INDUSTRIAL,0.95,"Laal chaukor ke andar bade industrial sheds, buildings aur manufacturing structures saaf dikh rahe hain jo ek factory ya industrial complex ka hissa hain.",
korba_21.6040_83.2876,cropland,AGRI_BURN,0.95,"The red box is centered on agricultural land with distinct field boundaries, crop patterns, and vegetation, consistent with cropland.",
korba_21.6117_83.1856,cropland,AGRI_BURN,0.95,"The area inside the red square shows typical agricultural fields, segmented plots with boundaries, and vegetation/crop patterns without any industrial or brick kiln structures.",
korba_21.6174_83.3738,cropland,AGRI_BURN,0.9,"Laal chaukor ke andar agricultural fields (khet) aur kuch chhote rural ghar dikh rahe hain, koi industrial ya bhatta feature nahi hai.",
korba_21.6405_83.0383,cropland,AGRI_BURN,0.9,"The red bounding box primarily encloses agricultural fields with visible plot boundaries, crops, and vegetation typical of rural cropland, without any industrial structures, brick kilns, or chimneys present inside the box.",
korba_21.6436_82.7814,cropland,AGRI_BURN,0.85,"Laal chaukor ke andar agricultural fields (khet) aur vegetation nazar aa rahe hain, koi industrial structure ya bhatta nahi dikh raha hai.",
korba_21.6446_83.0495,cropland,AGRI_BURN,0.9,"The red bounding box primarily encloses agricultural fields with visible field boundaries and terrain contours, characteristic of rural cropland without any industrial structures or brick kilns inside.",
korba_21.6458_83.0335,cropland,AGRI_BURN,0.85,"Inside the red square, there are regular field patterns and vegetation typical of agricultural land, with no industrial features like kilns or sheds visible.",
korba_21.6458_83.0341,cropland,AGRI_BURN,0.9,"The area inside the red square primarily shows typical agricultural field patterns with regular boundaries and vegetation typical of cropland, with no industrial structures or kilns visible inside the box.",
korba_21.6514_82.8628,cropland,AGRI_BURN,0.85,"The area inside the red square shows typical agricultural fields with demarcated boundaries and crop patterns, consistent with surrounding cropland.",
korba_21.6614_83.2782,mine,INDUSTRIAL,0.85,"The area inside the red square shows an excavated water-filled pit with disturbed bare earth, typical of quarrying or mining operations.",
korba_21.6658_83.2772,urban,UNSURE,0.9,"The red square outlines a small rural settlement or village area characterized by clustered residential buildings, trees, and small paths, rather than industrial, mining, or pure cropland features.",
korba_21.6674_83.2779,cropland,AGRI_BURN,0.85,"Inside the red square, there are agricultural fields with rectangular patterns and dividing lines, without any visible industrial structures, brick kilns, or urban buildings.",
korba_21.6687_83.1931,cropland,AGRI_BURN,0.95,"The area inside the red box shows structured agricultural fields with boundary lines and scattered trees typical of rural cropland, without any industrial structures like kilns, sheds, or chimneys.",
korba_21.6699_82.8094,cropland,AGRI_BURN,0.95,"The red box is located in an area clearly showing structured agricultural fields with distinct parcel boundaries, typical of cropland, and shows no industrial features or brick kilns within its borders.",
korba_21.6876_83.2083,urban,UNSURE,0.85,"The red bounding box encloses a cluster of residential houses and buildings forming a small settlement area, characteristic of urban landuse.",
korba_21.6895_82.6491,cropland,AGRI_BURN,0.85,"The red bounding box encloses agricultural fields, characterized by defined field boundaries and patterns typical of rural cropland, with no industrial features like brick kilns or sheds present inside the box.",
korba_21.6925_82.6391,cropland,AGRI_BURN,0.85,"The red square outlines an area with distinct rectangular field boundaries and agricultural patterns typical of cropland, surrounded by similar agricultural plots.",
korba_21.6929_82.6390,cropland,AGRI_BURN,0.9,"The red bounding box encloses agricultural fields with clear rectangular patterns and boundaries characteristic of cropland, surrounded by similar agricultural plots.",
korba_21.6947_82.6544,cropland,AGRI_BURN,0.85,The area inside the red box shows characteristic rectangular agricultural field patterns with clear boundaries and crop markings.,
korba_21.7077_82.6478,cropland,AGRI_BURN,0.95,"The red bounding box clearly shows agricultural fields with regular crop patterns and green vegetation, matching the cropland category rather than industrial infrastructure.",
korba_21.7129_82.8076,cropland,AGRI_BURN,0.85,"Inside the red square, there are agricultural field patterns, vegetation, and grid-like boundaries characteristic of cropland rather than industrial or other structures.",
korba_21.7137_82.7821,forest,FOREST_FIRE,0.95,"The area inside the red square is densely covered with trees, displaying the characteristic dark green canopy pattern of a forested area.",
korba_21.7139_82.7822,cropland,AGRI_BURN,0.85,"The area inside the red square consists of agricultural fields with typical plot boundaries and vegetation, showing no signs of industrial structures like kilns or factories.",
korba_21.7151_82.7997,industrial,INDUSTRIAL,0.85,"The red bounding box encloses a brick kiln facility characterized by bare brownish earth, cleared land, and an arrangement typical of small industrial structures near the riverbank.",
korba_21.7174_83.3458,cropland,AGRI_BURN,0.95,"The area inside the red box shows distinctly patterned agricultural plots with straight field boundaries (medh) characteristic of cultivated croplands, and does not exhibit any industrial structures, brick kilns, or mining activity.",
korba_21.7247_82.5612,cropland,AGRI_BURN,0.85,"The red bounding box primarily contains agricultural fields and some green vegetation adjacent to the riverbank, without any industrial structures or brick kilns visible inside the box.",
korba_21.7292_82.5769,cropland,AGRI_BURN,0.85,"The area inside the red box shows structured rectangular agricultural fields with regular crop rows and field boundaries, characteristic of cropland.",
korba_21.7305_82.5762,cropland,AGRI_BURN,0.85,"The area inside the red square primarily consists of neatly segmented agricultural fields and vegetation plots, matching cropland characteristics despite nearby mining and water features.",
korba_21.7309_82.5858,cropland,AGRI_BURN,0.9,"Laal chaukor ke andar agricultural fields yaani cropland dikh raha hai, jismein seedhi medh aur khet ki lakeerein bani hui hain, bina kisi industrial ya bhatta structure ke.",
korba_21.7311_82.5872,cropland,AGRI_BURN,0.95,"Laal chaukor ke andar agricultural fields (khet) aur straight boundaries dikh rahi hain, koi industrial structure ya bhatta nahi hai.",
korba_21.7351_83.2833,cropland,AGRI_BURN,0.9,"The area inside the red square shows agricultural fields with typical plot boundaries and crop patterns, characteristic of cropland.",
korba_21.7412_82.3076,cropland,AGRI_BURN,0.95,"The red square primarily encloses agricultural field patterns with regular plots and bunds, characteristic of cropland.",
korba_21.7422_83.2609,cropland,AGRI_BURN,0.95,"The red box clearly frames an agricultural area characterized by segmented field plots and straight boundary ridges (medh), indicative of cropland without any industrial features like brick kilns or sheds.",
korba_21.7437_83.2688,industrial,INDUSTRIAL,0.8,Laal chaukor ke andar kuch structures aur industrial land use ke lakshan dikh rahe hain jo paas ke power station expansion ya associated structures ho sakte hain.,
korba_21.7516_83.2805,cropland,AGRI_BURN,0.95,"The area inside the red square clearly shows agricultural fields with distinct boundaries, crop patterns, and field divisions characteristic of cropland, with no industrial structures present inside the red box.",
korba_21.7532_83.2823,cropland,AGRI_BURN,0.95,"The area inside the red square clearly shows agricultural fields with regular grid-like boundaries and crop patterns, characteristic of cropland.",
korba_21.7636_83.2202,cropland,AGRI_BURN,0.95,"The red square outlines agricultural fields divided into regular plots and parcel boundaries, characteristic of cropland.",
korba_21.7840_83.1135,cropland,AGRI_BURN,0.85,"The area inside the red square primarily consists of small rural settlements and agricultural fields, without any industrial structures, brick kilns, or mining activity visible inside the bounding box.",
korba_21.7904_83.3006,cropland,AGRI_BURN,0.95,"The area inside the red square consists of agricultural plots, characterized by typical farm field boundaries, crop patterns, and vegetation consistent with surrounding rural cropland.",
korba_21.8391_83.2404,cropland,AGRI_BURN,0.95,"The red square strictly encloses agricultural field patterns with defined rectangular plot boundaries and vegetation, lacking any industrial structures like kilns, chimneys, or paved yards.",
korba_21.8428_82.8932,cropland,AGRI_BURN,0.85,"The red box contains agricultural fields and vegetation interspersed with rural pathways, lacking any industrial or heavy structures like brick kilns or factories inside the specified boundary.",
korba_21.8432_83.3001,cropland,AGRI_BURN,0.85,"Laal chaukor ke andar agricultural fields (khet) aur boundaries dikh rahi hain, koi industrial structure ya bhatta nahi hai.",
korba_21.8452_82.3526,cropland,AGRI_BURN,0.85,"The red bounding box primarily contains agricultural land and fallow fields with typical boundaries, lacking visible industrial structures or kilns inside the target area.",
korba_21.8463_83.1742,cropland,AGRI_BURN,0.95,"The red bounding box clearly frames typical agricultural field parcels and grid-like boundaries characteristic of cropland, with no industrial structures or brick kilns visible inside the box.",
korba_21.8559_82.7589,cropland,AGRI_BURN,0.85,"Inside the red square, the area consists of small agricultural fields, vegetation, and some water bodies, characteristic of a rural cropland area rather than an industrial facility or brick kiln.",
korba_21.8615_83.3902,cropland,AGRI_BURN,0.85,"Inside the red square, the area consists of agricultural fields with typical plot boundaries and vegetation, rather than industrial structures or barren land.",
korba_21.8635_83.3851,cropland,AGRI_BURN,0.85,"The red bounding box primarily encloses agricultural plots, green vegetation, and small rural pathways without any visible industrial structures, brick kilns, or heavy machinery inside the box.",
korba_21.8833_83.1339,cropland,AGRI_BURN,0.85,"Laal chaukor ke andar agricultural fields (cropland) aur rural landuse dikh raha hai, koi industrial bhatta ya structure nahi hai.",
korba_21.8914_83.1092,cropland,AGRI_BURN,0.9,"The red box encompasses agricultural fields with visible field boundaries and regular plot patterns, without any industrial structures like kilns or chimneys inside the marked region.",
korba_21.8951_83.1084,cropland,AGRI_BURN,0.85,"The red square primarily encloses agricultural fields with visible field boundaries and cropping patterns, typical of rural cropland areas.",
korba_21.8983_83.1129,cropland,AGRI_BURN,0.9,"The red bounding box encloses typical agricultural fields with characteristic straight ridge lines and crop patterns, showing no industrial structures, brick kilns, or mining activity within its borders.",
korba_21.8995_83.3317,cropland,AGRI_BURN,0.85,"The red box encompasses agricultural fields with visible plot boundaries, consistent with surrounding cropland patterns rather than industrial infrastructure.",
korba_21.9002_83.3323,cropland,AGRI_BURN,0.95,"The area inside the red bounding box displays characteristic rectangular field patterns, crop plots, and agricultural boundaries consistent with cropland.",
korba_21.9021_83.2041,cropland,AGRI_BURN,0.95,"The red bounding box is centered on a patchwork of agricultural fields with distinct parcel boundaries, characteristic of cropland.",
korba_21.9051_83.3403,industrial,INDUSTRIAL,0.85,"The red bounding box contains the characteristic features of a brick kiln (eent ka bhatta), showing an oval/rectangular shape with raw brick stacks and bare earth, which falls under the industrial category.",
korba_21.9051_83.3563,cropland,AGRI_BURN,0.85,"The red bounding box primarily contains agricultural fields with characteristic rectangular field boundaries and crop patterns, despite being surrounded by similar rural land.",
korba_21.9052_83.3580,cropland,AGRI_BURN,0.85,"The red bounding box is centered over agricultural fields (cropland) characterized by characteristic rectangular farming plots and field boundaries, despite nearby infrastructure.",
korba_21.9070_83.2738,cropland,AGRI_BURN,0.85,"The red square primarily encloses agricultural field patterns and vegetation typical of rural cropland, without any visible industrial structures, brick kilns, or heavy machinery inside the square boundaries.",
korba_21.9094_83.3313,industrial,INDUSTRIAL,0.85,"The red bounding box encloses a small structure with cleared bare land and features characteristic of a rural industrial setup such as a small brick kiln or associated storage sheds, distinct from the surrounding agricultural cropland.",
korba_21.9111_83.2816,cropland,AGRI_BURN,0.85,"The red square primarily encompasses agricultural field plots with visible field boundaries, showing no distinct industrial structures, kilns, or paved surfaces inside the designated boundary.",
korba_21.9149_82.7272,cropland,AGRI_BURN,0.95,"Laal chaukor ke andar sirf hara-bhara khet aur kheti ki boundary yaani medh dikh rahi hai. Koi factory, bhatta, chimney ya industrial structure nahi hai.",
korba_21.9180_83.3633,industrial,INDUSTRIAL,0.85,"The red bounding box contains cleared land with an industrial footprint and associated site development, located adjacent to major industrial infrastructure.",
korba_21.9287_83.2755,forest,FOREST_FIRE,0.85,"The red bounding box is centered over a dense cluster of trees and vegetation, consistent with forest land use, surrounded by croplands.",
korba_21.9289_83.1447,cropland,AGRI_BURN,0.95,"The area inside the red square clearly shows agricultural fields with regular grid patterns and field boundaries, characteristic of cropland.",
korba_21.9332_83.3151,cropland,AGRI_BURN,0.95,"The red bounding box clearly encloses agricultural fields divided into regular plots and bounded by small ridges, consistent with cropland.",
korba_21.9431_83.3144,cropland,AGRI_BURN,0.85,"Laal chaukor ke andar agricultural fields (khet) aur kuch chote rural patches dikh rahe hain, koi industrial ya brick kiln (bhatta) ki khas pehchan nahi hai.",
korba_21.9448_82.4131,cropland,AGRI_BURN,0.85,"Laal chaukor ke andar koi industrial structure jaise eent ka bhatta ya chimney nahi dikh rahi hai. Balki wahan aapas mein jude hue khet aur kheti ki medh nazar aa rahi hain, jo aas-paas ke cropland jaisa hi texture aur pattern rakhte hain.",
korba_21.9453_82.4497,cropland,AGRI_BURN,0.95,"The red square primarily encloses agricultural fields with clear rectangular plots, field boundaries, and crop patterns, distinct from any industrial or brick kiln structures.",
korba_21.9471_82.4076,cropland,AGRI_BURN,0.85,"Laal chaukor ke andar agricultural fields (khet) aur unki boundaries dikh rahi hain, koi industrial ya bhatta feature nahi hai.",
korba_21.9471_83.3437,forest,FOREST_FIRE,0.85,"The area inside the red bounding box predominantly shows dense canopy cover and natural vegetation typical of forest land use, with no visible industrial structures, extraction sites, or cultivated fields.",
korba_21.9478_82.4069,cropland,AGRI_BURN,0.95,"Laal chaukor ke andar clearly khet (agricultural plots) ki aayatakar boundary aur medh dikhai de rahi hain, bina kisi industrial infrastructure ya bhatte ke.",
korba_21.9491_82.4150,cropland,AGRI_BURN,0.85,"The red box is centered over agricultural fields with visible plot boundaries, dirt tracks, and vegetation, consistent with cropland.",
korba_21.9533_82.4323,cropland,AGRI_BURN,0.95,"The red box clearly frames a pattern of agricultural fields with typical field boundaries, crop vegetation, and farming plots, with no industrial features like kilns or chimneys inside the box.",
korba_21.9537_82.4284,cropland,AGRI_BURN,0.95,"The red box is centered on cultivated agricultural fields showing distinct rectangular plots with visible crop rows and field boundaries, consistent with cropland.",
korba_21.9621_82.3235,cropland,AGRI_BURN,0.95,"The red bounding box is centered over agricultural fields characterized by clear rectangular plots separated by boundaries and crop patterns, distinct from industrial structures or brick kilns.",
korba_21.9623_82.3652,cropland,AGRI_BURN,0.85,"The red square outlines an agricultural area containing multiple small field parcels with visible plot boundaries, consistent with surrounding cropland.",
korba_21.9625_83.3095,industrial,INDUSTRIAL,0.85,"The red bounding box encloses a disturbed earth surface with material piles, typical of an extraction site, brick kiln, or industrial earth-moving yard embedded within the surrounding agricultural and forested matrix.",
korba_21.9635_83.2747,cropland,AGRI_BURN,0.85,"Laal chaukor ke andar agricultural fields (cropland) aur boundary lines dikh rahi hain, koi industrial structure ya bhatta nahi hai.",
korba_21.9642_82.3979,industrial,INDUSTRIAL,0.85,"The red box is located in an industrial and resource extraction area, adjacent to large industrial infrastructure like a thermal power plant and tailings or storage ponds, displaying disturbed land typical of industrial zones.",
korba_21.9657_82.3662,cropland,AGRI_BURN,0.85,"Inside the red square, the area displays patterned agricultural fields and crop boundaries rather than industrial structures or brick kilns.",
korba_21.9662_82.4501,mine,INDUSTRIAL,0.85,"The red bounding box encloses an area showing signs of excavation, mineral extraction pits, and associated barren earth typical of mining activities.",
korba_21.9684_82.3508,industrial,INDUSTRIAL,0.95,"The red bounding box clearly highlights an industrial complex with factory buildings, sheds, and paved yards, matching the characteristics of an industrial facility.",
korba_21.9685_83.1445,cropland,AGRI_BURN,0.85,"The bounding box shows segmented agricultural fields and irregular farming plots characteristic of rural cropland, despite being surrounded by forests and proximity to some light development.",
korba_21.9695_83.1339,forest,FOREST_FIRE,0.9,"The area inside the red bounding box consists of dense trees and vegetation, characteristic of forest land use, distinct from the surrounding croplands.",
korba_21.9709_83.2326,cropland,AGRI_BURN,0.85,"The red square primarily encloses agricultural field patterns with regular grid-like field boundaries and crop stubble, rather than any industrial structures, brick kilns, or mining activity.",
korba_21.9709_83.2572,cropland,AGRI_BURN,0.85,"The area inside the red square clearly shows agricultural fields with regular grid-like boundary lines and cultivation patterns, typical of cropland.",
korba_21.9728_83.2218,cropland,AGRI_BURN,0.85,The red bounding box is centered on agricultural land with distinct field boundaries and vegetation patches characteristic of cropland.,
korba_21.9730_83.0857,cropland,AGRI_BURN,0.9,"The red bounding box encloses agricultural fields partitioned by straight boundaries, which is characteristic of cropland rather than industrial or other land use types.",
korba_21.9731_82.4121,cropland,AGRI_BURN,0.85,"The red square contains small residential structures and surrounding green fields, characteristic of rural agricultural land use despite nearby industrial activity.",
korba_21.9761_83.1479,forest,FOREST_FIRE,0.95,"The red bounding box primarily encloses dense forest canopy and rocky outcrops on the hill, without any industrial structures, brick kilns, or other man-made land uses inside the box.",
korba_21.9769_83.2530,cropland,AGRI_BURN,0.95,"Laal chaukor ke andar chote chote khet aur unke beech mein medh ki seedhi lakeerein saaf dikh rahi hain, jo cropland ko darshati hain.",
korba_21.9772_83.1456,forest,FOREST_FIRE,0.95,"The red bounding box is located entirely over a dense patch of green forest canopy on a hilly terrain with no industrial features, buildings, or bare land inside the box.",
korba_21.9774_82.3562,cropland,AGRI_BURN,0.95,"The red bounding box clearly encloses agricultural fields with visible straight field boundaries (bunds) and varying crop patterns, distinguishing it from industrial or other land uses.",
korba_21.9781_82.3598,cropland,AGRI_BURN,0.9,"Laal chaukor ke andar agricultural fields (khet) aur kuch chhote ped dikh rahe hain, koi industrial ya bhatta ki structure nahi hai.",
korba_21.9788_83.2519,cropland,AGRI_BURN,0.85,"The red box is centered on a rural agricultural area showing typical small segmented crop fields with field boundary lines, distinct from the industrial zone on the left.",
korba_21.9829_83.1476,cropland,AGRI_BURN,0.85,"The red bounding box primarily contains agricultural plots and vegetation patches, characteristic of rural farmland rather than industrial or mining infrastructure.",
korba_21.9833_82.8611,cropland,AGRI_BURN,0.85,"The area inside the red square shows agricultural fields with standard crop patterns, bounded by field ridges, and lacks any industrial features such as a kiln, chimney, or factory shed.",
korba_21.9853_82.2860,cropland,AGRI_BURN,0.95,"The area inside the red square consists of agricultural fields with typical rectangular patterns, crop cultivation marks, and field boundaries, characteristic of cropland.",
korba_21.9891_82.5791,industrial,INDUSTRIAL,0.95,"Laal chaukor ke andar bade industrial shed aur dark structure saaf dikh rahe hain, jo ki factory ya manufacturing unit ko darshate hain.",
korba_21.9901_82.4115,cropland,AGRI_BURN,0.85,"The area inside the red square consists of agricultural fields with typical plot boundaries and vegetation, lacking any industrial or brick kiln features.",
korba_21.9929_82.2783,cropland,AGRI_BURN,0.9,The red box is centered on standard agricultural fields with visible field boundaries and parcel divisions typical of rural farming areas.,
korba_21.9931_83.2392,cropland,AGRI_BURN,0.9,"Laal chaukor ke andar spast roop se khet (cropland) dikh rahe hain, jinme haryali aur aayatakar khet ki medh bani hui hain. Koi industrial structure ya bhatta is area ke andar nahi dikh raha hai.",
korba_21.9935_82.6772,cropland,AGRI_BURN,0.85,"The red bounding box primarily encloses agricultural fields with visible plot boundaries, along with some scattered rural vegetation and small structures typical of a rural settlement/cropland matrix.",
korba_21.9947_82.2743,cropland,AGRI_BURN,0.9,"The red bounding box primarily encloses agricultural fields with visible field boundaries and vegetation patches, without any industrial structures, brick kilns, or mining activity directly inside it.",
korba_21.9958_83.3632,industrial,INDUSTRIAL,0.85,"Laal chaukor ke andar ek saaf paved yard aur industrial/storage structure dikhai de rahi hai, jo ki industrial landuse ko darshata hai.",
korba_21.9980_82.4194,cropland,AGRI_BURN,0.85,"The red box is centered over agricultural fields (cropland) characterized by typical rectangular field patterns, ridge lines, and cultivation marks.",
korba_21.9981_82.2947,urban,UNSURE,0.85,"The red box is centered on a cluster of village residential buildings with rooftops and associated local roads, typical of a small rural settlement.",
korba_21.9986_83.2025,cropland,AGRI_BURN,0.95,"Laal chaukor ke andar saaf taur par rectangular khet aur paudhe dikh rahe hain, aur yahan kisi bhi tarah ka industrial setup, eent ka bhatta ya chimney nahi maujood hai.",
korba_22.0012_83.2349,cropland,AGRI_BURN,0.95,"The red square contains agricultural fields with characteristic geometric plots and field boundaries, consistent with cropland.",
korba_22.0039_83.2120,cropland,AGRI_BURN,0.9,"Laal chaukor ke andar agricultural fields (khet) aur unki boundaries saaf dikh rahi hain, koi industrial ya bhatte ki structure ya machinery nahi hai.",
korba_22.0044_82.2738,cropland,AGRI_BURN,0.85,"Laal chaukor ke andar agricultural fields (khet) aur chote raste dikh rahe hain, koi industrial structure ya bhatta maujood nahi hai.",
korba_22.0044_82.2951,cropland,AGRI_BURN,0.95,"The area inside the red box shows agricultural field patterns with defined boundaries and crop cultivation lines, typical of cropland land use.",
korba_22.0091_82.2582,cropland,AGRI_BURN,0.85,"The red bounding box is centered over agricultural fields (cropland) characterized by small partitioned plots and vegetation patches, without any industrial structures, brick kilns, or urban features inside the boundary.",
korba_22.0098_82.9656,cropland,AGRI_BURN,0.95,The red bounding box clearly shows demarcated agricultural field patterns with straight boundaries and crop ridges typical of cropland.,
korba_22.0144_83.3762,forest,FOREST_FIRE,0.98,"Laal chaukor ke andar poori tarah se ghane ped dikh rahe hain, jo ki forest landuse ko darshate hain.",
korba_22.0162_83.2198,cropland,AGRI_BURN,0.85,"The area inside the red square mainly shows agricultural plots, field boundaries, and scattered vegetation consistent with cropland rather than industrial or mining activities.",
korba_22.0177_82.4010,cropland,AGRI_BURN,0.95,"Laal chaukor ke andar spashṭ roop se khet (cropland) ki aayatakar mehd aur hari fasal dikh rahi hai, koi industrial structure ya bhatta nahi hai.",
korba_22.0180_82.6535,cropland,AGRI_BURN,0.85,"The red box encompasses agricultural fields and some rural vegetation without any visible industrial infrastructure, brick kilns, or mining activity.",
korba_22.0183_83.3679,forest,FOREST_FIRE,0.95,"Laal chaukor ke andar ghane ped aur hariyali dikh rahi hai, koi industrial structure ya bhatta maujood nahi hai.",
korba_22.0203_83.3217,forest,FOREST_FIRE,0.9,The area inside the red bounding box consists predominantly of dense trees and natural vegetation typical of a forest ecosystem.,
korba_22.0211_82.9698,cropland,AGRI_BURN,0.85,"The red bounding box primarily contains agricultural plots and field patterns, without any visible industrial structures like a brick kiln or factory shed inside the marked area.",
korba_22.0243_82.3959,cropland,AGRI_BURN,0.95,"The red box is centered over densely cultivated green agricultural fields, showing clear plot divisions and crop patterns.",
korba_22.0271_83.2908,forest,FOREST_FIRE,0.95,The area inside the red square shows a dense cover of trees typical of a forest.,
korba_22.0301_83.3910,forest,FOREST_FIRE,0.95,"Laal chaukor ke andar ghane ped aur hariyaali dikh rahi hai, jo ki forest landuse ko darshati hai.",
korba_22.0331_82.5787,cropland,AGRI_BURN,0.9,"The red square primarily encloses agricultural fields, characterized by rectangular field patterns and grid-like plot boundaries typical of cropland, with no visible industrial structures, chimneys, or brick kilns inside the target area.",
korba_22.0341_83.1234,mine,INDUSTRIAL,0.85,"The area inside the red bounding box clearly shows stripped land, exposed rock layers, and excavation scars characteristic of open-pit mining or quarrying activity in a hilly terrain.",
korba_22.0345_82.9704,cropland,AGRI_BURN,0.85,"The red bounding box primarily contains agricultural plots and field boundaries, along with a sparse scattering of rural trees and minor vegetation, lacking any distinct industrial or urban features.",
korba_22.0362_82.9685,cropland,AGRI_BURN,0.85,"The red square primarily encloses agricultural plots, field boundaries, and scattered vegetation rather than any distinct industrial structures, brick kilns, or paved yards.",
korba_22.0386_82.4136,cropland,AGRI_BURN,0.85,"The area inside the red square primarily shows agricultural field patterns, boundaries, and crops without any industrial structures like kilns, chimneys, or paved yards.",
korba_22.0401_82.4169,cropland,AGRI_BURN,0.85,"The area inside the red box clearly shows agricultural field patterns, divided into small plots and crop grids, surrounded by similar cropland.",
korba_22.0430_82.9759,cropland,AGRI_BURN,0.85,"The area inside the red square primarily shows agricultural field patterns, boundaries, and crops without any industrial infrastructure like brick kilns, chimneys, or large sheds.",
korba_22.0459_82.2460,cropland,AGRI_BURN,0.85,"The red box covers agricultural fields and sparse vegetation with distinct farm plot boundaries, showing no signs of industrial structures like brick kilns, factories, or paved yards.",
korba_22.0479_82.2160,cropland,AGRI_BURN,0.95,"The red bounding box primarily contains agricultural plots and field boundaries, consistent with surrounding cropland features.",
korba_22.0488_82.2283,cropland,AGRI_BURN,0.95,"The red square outlines an agricultural field showing typical rectangular plot boundaries, crop patterns, and green vegetation without any industrial or other features.",
korba_22.0490_83.0898,barren,UNSURE,0.85,"The red box is located on natural rocky terrain and sparse vegetation, showing no signs of industrial structures, mining pits, cropland divisions, or forests.",
korba_22.0547_82.2344,cropland,AGRI_BURN,0.9,The red box is centered on regular agricultural fields and field boundaries typical of cropland.,
korba_22.0616_82.2125,barren,UNSURE,0.85,"The red square outlines an area of bare, exposed earth with some sparse vegetation and tracks, lacking structures like brick kilns, active mining, or regular agricultural patterns.",
korba_22.0697_82.2307,cropland,AGRI_BURN,0.95,"Laal chaukor ke andar saaf taur par rectangular khet aur medh dikh rahe hain, jo ki agricultural land yaani cropland ki visheshta hai.",
korba_22.0703_82.8233,cropland,AGRI_BURN,0.85,"Laal chaukor ke andar cultivated fields (khet) aur unke beech ki medh (boundaries) dikh rahi hain. Koi industrial structure, bhatta ya chimney maujood nahi hai.",
korba_22.0709_83.3401,forest,FOREST_FIRE,0.9,"The red square is primarily covered by dense trees and vegetation characteristic of a forest area, with no industrial structures or cleared land visible inside the boundary.",
korba_22.0740_82.5915,cropland,AGRI_BURN,0.95,"Laal chaukor ke andar clearly khet (cropland) aur kuch ped dikh rahe hain, koi industrial ya bhatta structure nahi hai.",
korba_22.0754_83.3390,forest,FOREST_FIRE,0.95,"Laal chaukor ke andar ghane ped aur hariyali dikh rahi hai, isliye ye forest hai.",
korba_22.0781_82.5897,cropland,AGRI_BURN,0.95,"Laal chaukor ke andar saaf taur par alag-alag khet (cropland) aur kheti ki medh-lakeerein dikh rahi hain, koi industrial ya bhatta structure nahi hai.",
korba_22.0846_82.7592,cropland,AGRI_BURN,0.95,"The red box is entirely situated within a heavily parcelled agricultural landscape, showing typical small rectangular crop fields and field boundaries, with no industrial features, brick kilns, or urban structures inside the box.",
korba_22.0928_82.6703,cropland,AGRI_BURN,0.95,"The area inside the red square shows regular agricultural fields with visible field boundaries (medh) and cultivated vegetation, characteristic of cropland.",
korba_22.0933_82.6681,cropland,AGRI_BURN,0.9,"The red box focuses on agricultural fields with visible crop patterns, boundaries, and vegetation, distinct from industrial features.",
korba_22.0945_82.6631,cropland,AGRI_BURN,0.95,"The red box clearly frames agricultural fields (cropland) characterized by small grid-like field plots, bunds, and green vegetation, with no industrial or other structures inside the boxed area.",
korba_22.0977_83.1084,mine,INDUSTRIAL,0.95,"Laal chaukor ke andar khuli khadaan aur mining activity se bana hua pani kareservoir (pit lake) dikh raha hai, jo mine category mein aata hai.",
korba_22.0988_82.6189,cropland,AGRI_BURN,0.95,"Laal chaukor ke andar clearly aayatakar (rectangular) khet aur seedhi medh ki lakeerein dikh rahi hain, koi industrial structure ya bhatta nahi hai.",
korba_22.1009_82.6604,cropland,AGRI_BURN,0.95,"Laal chaukor ke andar agricultural fields yaani cropland dikh raha hai jiske paas seedhi medh aur khet ki lakeerein hain, koi industrial ya bhatta activity nahi hai.",
korba_22.1096_82.2843,cropland,AGRI_BURN,0.85,"The red bounding box primarily contains agricultural plots and field boundaries (cropland) along with some natural vegetation, directly adjacent to a large ash dyke/industrial tailings structure.",
korba_22.1096_82.6854,cropland,AGRI_BURN,0.85,"The area inside the red square shows agricultural field patterns, crop rows, and dividing ridges consistent with cropland, without any industrial structures, brick kilns, or forests present.",
korba_22.1125_82.2906,urban,UNSURE,0.85,"The red box encompasses a cluster of residential buildings and small structures forming a rural settlement or village area, surrounded by agricultural fields.",
korba_22.1157_82.3035,cropland,AGRI_BURN,0.9,"Laal chaukor ke andar agricultural fields yaani ki khet saaf dikh rahe hain, jinme anaj ke liye banaye gaye aayatakar plots aur boundary lines hain. Yahan koi industrial structure, bhatta ya factory nahi hai.",
korba_22.1180_82.6921,cropland,AGRI_BURN,0.9,"The red bounding box primarily encloses agricultural field patterns with regular grid-like boundaries and vegetation, with no industrial structures visible inside.",
korba_22.1197_82.6917,cropland,AGRI_BURN,0.85,"The area inside the red box shows regular agricultural field patterns with grid-like partitions, typical of cropland, with no industrial features like kilns or sheds present.",
korba_22.1231_82.2737,cropland,AGRI_BURN,0.95,"The area inside the red square consists of clearly defined agricultural fields with straight field boundaries and varying crop growth patterns, characteristic of cropland.",
korba_22.1246_82.8578,cropland,AGRI_BURN,0.85,"Laal chaukor ke andar sirf khet aur medh dikh rahe hain, koi industrial ya bhatta structure nahi hai.",
korba_22.1277_82.6931,cropland,AGRI_BURN,0.95,"The red bounding box is centered over patterned agricultural fields (cropland) divided by regular field boundaries, with green vegetation visible throughout.",
korba_22.1545_82.4715,cropland,AGRI_BURN,0.95,"Laal chaukor ke andar sp স্পষ্ট roop se khet aur medh dikhayi de rahe hain, koi industrial ya brick kiln nahi hai.",
korba_22.2224_82.5105,cropland,AGRI_BURN,0.95,"The red bounding box clearly encloses regular agricultural fields with boundary lines and vegetation typical of cropland, with no industrial structures, kilns, or factories present inside the designated area.",
korba_22.2343_82.2204,cropland,AGRI_BURN,0.95,"The red square outlines an agricultural field with clear rectangular plot boundaries and vegetation, consistent with cropland.",
korba_22.2438_82.8183,forest,FOREST_FIRE,0.95,"Laal chaukor ke andar ghane ped aur hariyaali dikh rahi hai, jo forest landuse ko darshati hai.",
korba_22.2444_82.7384,cropland,AGRI_BURN,0.9,"The red bounding box contains agricultural fields with regular crop patterns and distinct boundaries, typical of cropland landuse.",
korba_22.2449_82.7098,cropland,AGRI_BURN,0.95,"The red square primarily encloses agricultural fields with clear rectangular plots, field boundaries, and vegetation, consistent with cropland land use.",
korba_22.2473_82.7199,cropland,AGRI_BURN,0.95,"Laal chaukor ke andar sirf khet (cropland) aur kuch chote rural ghar/ped dikh rahe hain, koi industrial ya bhatte ki structure nahi hai.",
korba_22.2486_82.7220,cropland,AGRI_BURN,0.9,"The red box encompasses agricultural plots and field boundaries, typical of cropland, despite being adjacent to an industrial area.",
korba_22.2503_82.7058,cropland,AGRI_BURN,0.95,"Laal chaukor ke andar sirf aayatakar khet aur kheti ki medh dikhayi de rahi hai, koi industrial structure ya eent ka bhatta nahi hai.",
korba_22.2527_82.7372,cropland,AGRI_BURN,0.7,"The red box is centered over vegetation and agricultural field patterns split by a road, showing no distinct industrial structures, brick kilns, or heavy machinery inside the bounded area.",
korba_22.2529_82.7161,cropland,AGRI_BURN,0.85,"Laal chaukor ke andar gine-chune khet, medh aur kuch ped-paudhe dikh rahe hain, koi industrial ya bhatta structure nazar nahi aata.",
korba_22.2537_82.7181,cropland,AGRI_BURN,0.95,"Laal chaukor ke andar saaf taur par chhote aayatakar khet, medh ki lakeerein aur fasal ka pattern dikh raha hai, bina kisi industrial ya bhatta ki suvidha ke.",
korba_22.2817_82.5310,forest,FOREST_FIRE,0.95,"The red bounding box is centered over a dense canopy of trees characteristic of a forest area, with no industrial buildings, structures, or bare soil typical of other categories present within the square.",
korba_22.2826_83.2819,forest,FOREST_FIRE,0.95,"Laal chaukor ke andar ghane ped aur hariyali dikh rahi hai, isliye ye forest landuse hai.",
korba_22.2836_83.2834,mine,INDUSTRIAL,0.85,"The red bounding box primarily covers the boundary edge and terrace work of an active open-cast mining area, showing typical excavated soil contours and terraced pit edges adjacent to water bodies.",
korba_22.2860_83.2749,forest,FOREST_FIRE,0.95,"Laal chaukor ke andar ghane ped aur jungle ki canopy saaf dikh rahi hai, koi industrial activity ya bhatta nahi hai.",
korba_22.2895_83.3452,mine,INDUSTRIAL,0.95,The red bounding box clearly frames an active open-pit mining area with terraced earthworks and excavated terrain characteristic of a mine.,
korba_22.2963_82.7057,industrial,INDUSTRIAL,0.85,"Laal chaukor ke andar ek industrial facility ya brick kiln se jude hue structures, shed aur paved ya cleared ground dikh rahe hain, jo ki aaspas ke cropland se alag hain.",
korba_22.2974_82.7061,industrial,INDUSTRIAL,0.85,"The red bounding box contains industrial structures with sheds and a small paved or cleared yard adjacent to the river, matching industrial characteristics despite the surrounding agricultural fields.",
korba_22.2980_83.2890,cropland,AGRI_BURN,0.85,"The red bounding box primarily encloses agricultural fields with typical plot divisions, crop rows, and scattered trees, without visible industrial features, mines, or structures inside the marked area.",
korba_22.3020_82.7340,cropland,AGRI_BURN,0.85,"The area inside the red box shows regular agricultural fields with visible field boundaries and vegetation typical of farming land use, without industrial sheds, chimneys, or mining activity.",
korba_22.3058_82.7691,cropland,AGRI_BURN,0.85,"The red box encompasses scattered rural houses, trees, and small agricultural plots connected by a road, consistent with a rural settlement/cropland mix rather than an industrial facility or brick kiln.",
korba_22.3077_82.5389,cropland,AGRI_BURN,0.9,"The area inside the red bounding box displays characteristic rectangular agricultural fields with visible field boundaries, indicating agricultural or cropland use rather than industrial structures or mining.",
korba_22.3092_82.7532,cropland,AGRI_BURN,0.85,"The red square indicates an area with regular agricultural patterns, possibly a plantation or cultivated field, with visible rows of vegetation and no industrial structures such as brick kilns or sheds.",
korba_22.3093_82.7065,cropland,AGRI_BURN,0.85,"The red bounding box primarily encloses rural agricultural plots with distinct field boundaries and vegetation, showing no structural industrial features or brick kilns within its immediate area.",
korba_22.3103_82.7660,forest,FOREST_FIRE,0.95,"The red box is located in the middle of a dense tree canopy, indicating forest land use.",
korba_22.3106_82.7673,forest,FOREST_FIRE,0.95,"The area inside the red square is densely covered with trees, which clearly indicates forest landuse.",
korba_22.3172_82.7585,cropland,AGRI_BURN,0.9,The area inside the red square consists of agricultural fields with typical plot boundaries and vegetation.,
korba_22.3236_82.7597,forest,FOREST_FIRE,0.9,"The area inside the red square is densely covered with trees and vegetation characteristic of a forest, with no industrial features visible inside the specific bounding box.",
korba_22.3242_82.7613,forest,FOREST_FIRE,0.85,"The red box is centered over an area filled with dense tree canopy and vegetation, characteristic of forest land use, with no industrial structures or cleared land visible inside the box.",
korba_22.3255_82.7803,cropland,AGRI_BURN,0.85,"The red bounding box is centered over agricultural fields (cropland) characterized by small cultivated plots and green vegetation patches, with no industrial structures or brick kilns inside the box.",
korba_22.3280_82.7835,cropland,AGRI_BURN,0.85,"The red bounding box encloses agricultural fields with visible crop rows and field boundaries, distinct from the surrounding forest and rural landscape.",
korba_22.3353_82.5633,mine,INDUSTRIAL,0.95,"The red bounding box clearly captures open-pit mining operations, exposed soil, and extraction terraces characteristic of an open cast mine.",
korba_22.3390_82.4253,cropland,AGRI_BURN,0.85,"The red bounding box primarily shows agricultural fields with crop rows and field boundaries, consistent with surrounding rural farm land despite the nearby industrial plant.",
korba_22.3403_82.4821,forest,FOREST_FIRE,0.95,"The bounding box clearly frames dense tree canopy and vegetation, characteristic of a forest.",
korba_22.3427_82.7497,cropland,AGRI_BURN,0.85,"The area inside the red square shows agricultural fields with visible crop patterns and field boundaries, despite being surrounded by forested areas.",
korba_22.3448_82.7468,forest,FOREST_FIRE,0.95,"The red bounding box is entirely covered by dense tree canopy, characteristic of a forest.",
korba_22.3449_82.6143,forest,FOREST_FIRE,0.95,The red bounding box is clearly situated within a dense forest area characterized by a thick canopy of trees.,
korba_22.3459_82.7339,cropland,AGRI_BURN,0.85,"The red bounding box contains agricultural fields, vegetation, and small rural pathways with no industrial structures such as a brick kiln or factory visible.",
korba_22.3484_82.5585,forest,FOREST_FIRE,0.95,"Laal chaukor ke andar ghane ped saaf dikh rahe hain, jo forest landuse darshate hain.",
korba_22.3494_82.7489,forest,FOREST_FIRE,0.95,"The red bounding box is located within a dense tree canopy area, characteristic of forest landuse.",
korba_22.3500_82.7499,forest,FOREST_FIRE,0.85,"Laal chaukor ke andar ghaney ped aur hariyaali dikh rahi hai, jo ki forest landuse ko darshati hai.",
korba_22.3512_82.6115,forest,FOREST_FIRE,0.85,"The area inside the red square is predominantly covered by dense green trees and vegetation, indicating a forest landuse despite some adjacent clearings and mining activities nearby.",
korba_22.3526_82.6615,forest,FOREST_FIRE,0.9,The red bounding box primarily contains dense tree cover representing a forest area adjacent to the village and river.,
korba_22.3530_82.6660,forest,FOREST_FIRE,0.95,"The area inside the red square is covered with dense green tree canopy, characteristic of a forest.",
korba_22.3578_82.7188,urban,UNSURE,0.85,"The red bounding box primarily contains residential buildings, urban infrastructure, and dense housing mixed with some trees, which is characteristic of an urban residential area rather than industrial facilities.",
korba_22.3633_82.2772,cropland,AGRI_BURN,0.85,"The red bounding box primarily encloses rural agricultural plots with typical field boundaries, interspersed with some trees, rather than any industrial facilities or brick kilns.",
korba_22.3651_82.2779,forest,FOREST_FIRE,0.95,"The red box is entirely covered by dense tree canopy characteristic of forest land use, with no industrial features, brick kilns, or other man-made structures visible within the boundary.",
korba_22.3702_82.3070,forest,FOREST_FIRE,0.95,The red bounding box is located entirely within a dense canopy of trees characteristic of a forest.,
korba_22.3705_83.2010,cropland,AGRI_BURN,0.95,"Laal chaukor ke andar cultivated plots (khet) aur kuch chhote ped dikh rahe hain, koi industrial ya mining activity nahi hai.",
korba_22.3820_82.7118,forest,FOREST_FIRE,0.85,"The area inside the red bounding box predominantly shows dense green tree canopy and natural vegetation characteristic of a forest, without visible industrial structures, brick kilns, or urban clearings.",
korba_22.3823_82.6982,industrial,INDUSTRIAL,0.85,"The red bounding box encloses built structures with rectangular sheds and associated bare ground, characteristic of an industrial facility or brick kiln layout despite being surrounded by vegetation and water.",
korba_22.3855_82.7476,forest,FOREST_FIRE,0.95,"The red bounding box is densely covered by trees, characteristic of a forest.",
korba_22.3870_82.6655,cropland,AGRI_BURN,0.85,"Laal chaukor ke andar cultivated fields aur agricultural plots dikh rahe hain, jinme green aur brown vegetation patches aur boundary lines hain. Koi industrial structure, bhatta ya factory nahi dikh rahi.",
korba_22.3894_82.5917,cropland,AGRI_BURN,0.95,"Laal chaukor ke andar saaf taur par chote aayatakar aur vargakar khet (agricultural plots) dikh rahe hain, jinke beech mein medh ki lakeerein hain. Yahan koi industrial bhatta, chimney ya factory nahi hai.",
korba_22.3905_82.6608,cropland,AGRI_BURN,0.85,"The red box encloses agricultural fields with typical plot boundaries and green vegetation, without any industrial features like brick kilns, chimneys, or factories.",
korba_22.3906_82.5951,cropland,AGRI_BURN,0.95,"Laal chaukor ke andar clearly khet (agricultural plots) aur unki medh (boundaries) dikh rahi hain, koi industrial ya bhatta structure nahi hai.",
korba_22.4406_82.6435,urban,UNSURE,0.95,The red bounding box clearly frames a cluster of residential buildings and houses characteristic of a village settlement.,
korba_22.4440_82.6429,urban,UNSURE,0.85,"The red bounding box encloses a cluster of residential houses and small rural buildings, making it part of an urban settlement area rather than industrial or cropland.",
korba_22.4474_82.6542,industrial,INDUSTRIAL,0.85,"The red bounding box encloses a fenced-in industrial facility or compound with rectangular buildings, sheds, and structured yard areas, distinct from the surrounding forest and cropland.",
korba_22.4519_82.5633,forest,FOREST_FIRE,0.95,The red bounding box clearly encloses dense tree canopies typical of a forest environment.,
korba_22.4570_82.6467,cropland,AGRI_BURN,0.9,The red box is centered on a rural area consisting of small agricultural fields and patches of vegetation with no industrial structures or brick kilns visible within its borders.,
korba_22.4600_82.5669,forest,FOREST_FIRE,0.95,"The area inside the red bounding box predominantly shows dense tree cover typical of a forest, along with a small water body, distinct from nearby agricultural fields or industrial structures.",
korba_22.4718_82.6124,cropland,AGRI_BURN,0.95,"The red square outlines an agricultural area containing distinct rectangular farming plots, crop boundaries, and vegetation typical of cropland, with no industrial features like kilns or sheds visible inside the square.",
korba_22.4799_82.6240,industrial,INDUSTRIAL,0.85,Laal chaukor ke andar ek bada aayatakar shed (factory/warehouse) aur uske paas paved yard aur structures dikh rahe hain jo ki industrial landuse ko darshate hain.,
korba_22.4815_82.6248,industrial,INDUSTRIAL,0.85,"Laal chaukor ke andar ek bada shed aur uske aas-paas nangi bhoori zameen aur industrial activity ke lakshan dikh rahe hain, jo ki industrial landuse ko darshate hain.",
korba_22.4847_82.5901,cropland,AGRI_BURN,0.95,"The red bounding box clearly shows agricultural fields with distinct boundaries and crop patterns, characteristic of cropland, with no industrial features like kilns, sheds, or chimneys visible inside.",
korba_22.4975_82.3360,forest,FOREST_FIRE,0.95,"The red bounding box clearly shows dense green tree canopy characteristic of forest land use, with no signs of industrial activity, buildings, or clearing.",
korba_22.4982_82.6082,cropland,AGRI_BURN,0.9,"The red box is centered on a pattern of small agricultural fields with distinct boundaries and crop vegetation, characteristic of cropland rather than industrial structures.",
punjab_30.2088_76.2384,cropland,AGRI_BURN,0.95,"The area inside the red square shows typical agricultural fields with distinct boundaries and crop patterns, characteristic of cropland.",
punjab_30.2095_76.0494,cropland,AGRI_BURN,0.95,"The red square outlines an area entirely made up of agricultural fields with typical rectangular parcel boundaries and crop patterns, showing no industrial features or brick kilns within the bounding box.",
punjab_30.2161_75.8136,cropland,AGRI_BURN,0.95,"The red bounding box primarily encloses agricultural fields with clear rectangular plot boundaries and vegetation patterns, characteristic of cropland.",
punjab_30.2172_76.3405,cropland,AGRI_BURN,0.95,"The red bounding box clearly encloses agricultural fields with regular crop patterns and demarcated field boundaries, consistent with cropland.",
punjab_30.2180_75.8175,cropland,AGRI_BURN,0.85,"The red bounding box primarily encloses agricultural field patterns with defined parcel boundaries and vegetation, showing no industrial or specific non-agricultural structures inside it.",
punjab_30.2258_75.8177,cropland,AGRI_BURN,0.95,"The area inside the red square consists of agricultural fields with straight field boundaries and typical crop cultivation patterns, showing no industrial or other non-agricultural features.",
punjab_30.2258_75.8593,cropland,AGRI_BURN,0.95,Laal chaukor ke andar clearly khet (agricultural fields) dikh rahe hain jinke beech mein seedhi medh ki lakeerein hain.,
punjab_30.2311_75.8047,cropland,AGRI_BURN,0.95,"Laal chaukor ke andar sirf aayatakar khet aur seedhi medh ki lakeerein dikh rahi hain. Yahan koi eent ka bhatta, factory shed, chimney ya industrial structure nahi hai.",
punjab_30.2325_75.8131,cropland,AGRI_BURN,0.9,"The red box encompasses typical agricultural fields divided into rectangular plots with regular boundaries, characteristic of cropland.",
punjab_30.2326_75.7948,cropland,AGRI_BURN,0.95,"The area inside the red square shows standard agricultural field patterns with regular rectangular boundaries and crop tracks, with no industrial structures like kilns or sheds present inside the bounding box.",
punjab_30.2376_76.2652,cropland,AGRI_BURN,0.95,"Laal chaukor ke andar sirf khet (agricultural fields) aur seedhi medh ki lakeerein dikh rahi hain, koi industrial ya bhatta ki structure nahi hai.",
punjab_30.2380_76.2599,cropland,AGRI_BURN,0.85,"The red bounding box primarily encloses agricultural land, field boundaries, and a small dirt track, without any industrial structures, brick kilns, or large sheds inside the designated area.",
punjab_30.2415_76.2669,cropland,AGRI_BURN,0.9,"The area inside the red bounding box displays characteristic agricultural fields with regular rectangular patterns and crop boundaries, surrounded by similar farmland.",
punjab_30.2420_76.3092,cropland,AGRI_BURN,0.95,"The red bounding box primarily encloses agricultural crop fields and a section of a canal, with no industrial features, brick kilns, or paved yards visible within the immediate area.",
punjab_30.2450_76.3375,industrial,INDUSTRIAL,0.95,"Laal chaukor ke andar eent ka bhatta saaf dikh raha hai, jismein aayatakar shape aur chimney/shed ki visheshataein hain jo ki industrial category mein aati hain.",
punjab_30.2468_75.9701,cropland,AGRI_BURN,0.95,"The red bounding box is clearly situated over a grid of agricultural fields with straight field boundaries and varying shades of green crops, showing no signs of industrial structures, brick kilns, or clearing inside the box itself.",
punjab_30.2479_76.3447,cropland,AGRI_BURN,0.95,"Laal chaukor ke andar saaf taur par rectangular aur agricultural fields dikh rahe hain jo alag-alag fasalon ya jutaai ki sthiti mein hain, bina kisi industrial ya bhatte ke lakshan ke.",
punjab_30.2488_76.2566,cropland,AGRI_BURN,0.95,"The area inside the red square shows standard agricultural field patterns with regular rectangular plots and crop rows, characteristic of cropland.",
punjab_30.2525_75.9611,cropland,AGRI_BURN,0.95,"Laal chaukor ke andar clearly green agricultural fields (khet) aur boundaries dikh rahi hain, koi industrial ya anya structure nahi hai.",
punjab_30.2560_76.3207,cropland,AGRI_BURN,0.95,Laal chaukor ke andar agricultural fields (khet) hain jo aayatakar hain aur unki seedhi medh ki lakeerein dikh rahi hain.,
punjab_30.2573_76.3264,cropland,AGRI_BURN,0.85,"The area inside the red box clearly shows cultivated agricultural fields with distinct boundaries and crop patterns, characteristic of cropland.",
punjab_30.2575_75.2199,cropland,AGRI_BURN,0.85,"Laal chaukor ke andar aur aaspaas mukhya roop se khet aur medh dikhai de rahe hain, jisse ye cropland pratit hota hai.",
punjab_30.2577_76.3542,cropland,AGRI_BURN,0.95,"The red bounding box clearly frames agricultural fields with visible field boundaries and plow patterns, typical of cropland.",
punjab_30.2590_76.0703,industrial,INDUSTRIAL,0.95,"Laal chaukor ke andar ek brick kiln (eent ka bhatta) saaf dikh raha hai, jisme rectangular drying lines aur brown earth hai, jo ki industrial landuse ki category mein aata hai bhale hi aas-paas cropland ho.",
punjab_30.2590_76.3032,cropland,AGRI_BURN,0.95,"The red bounding box is centered over agricultural fields (cropland) characterized by rectangular field patterns and division lines, with no industrial structures like brick kilns, factories, or chimneys inside.",
punjab_30.2598_76.0714,industrial,INDUSTRIAL,0.95,"Laal chaukor ke andar eent ka bhatta saaf dikh raha hai, jismein oval shakal ki bhatte ki body, nangi bhoori zameen aur kacchi eent ke dher maujood hain, jo ise cropland nahi balki industrial category mein darshata hai.",
punjab_30.2620_76.1704,cropland,AGRI_BURN,0.95,"The area inside the red square consists of agricultural fields with typical rectangular parcel boundaries and crop patterns, surrounded by similar farmland.",
punjab_30.2625_76.1734,cropland,AGRI_BURN,0.95,"The area inside the red box shows distinctly shaped agricultural fields with straight field boundaries and varying crop growth stages, indicative of cropland.",
punjab_30.2625_76.3565,cropland,AGRI_BURN,0.9,"The red bounding box primarily encloses agricultural field plots (cropland) along with a portion of a rural settlement/residential area, showing typical farm field boundaries rather than industrial structures or kilns.",
punjab_30.2626_75.9595,cropland,AGRI_BURN,0.95,"Laal chaukor ke andar saaf taur par rectangular agricultural fields aur paani se bhare hue khet ya chote ponds dikh rahe hain, jinme seedhi medh ki lakeerein bani hain. Yahan koi industrial sheds, chimneys ya bhatte maujood nahi hain.",
punjab_30.2634_76.1554,cropland,AGRI_BURN,0.95,"The area inside the red box shows agricultural field patterns with regular rectangular plots and crop residue or soil preparation, characteristic of cropland.",
punjab_30.2653_75.2686,cropland,AGRI_BURN,0.9,"The red bounding box primarily encloses agricultural fields with clear rectangular plots and field boundaries, flanked by a road, without any industrial structures or brick kilns inside the box.",
punjab_30.2668_76.1693,cropland,AGRI_BURN,0.95,"The area inside the red square consists of clearly delineated agricultural plots and crop fields with straight boundaries, surrounded by other farmland.",
punjab_30.2692_76.3306,cropland,AGRI_BURN,0.95,"Laal chaukor ke andar sirf aayakar khet aur medh dikhayi de rahe hain, koi industrial ya bhatta ki visheshta nahi hai.",
punjab_30.2697_76.1923,cropland,AGRI_BURN,0.95,The red square outlines agricultural fields characterized by rectangular plots and straight boundary lines without any industrial features like kilns or sheds.,
punjab_30.2719_76.3036,cropland,AGRI_BURN,0.9,"The red bounding box primarily covers agricultural fields intersected by a canal lined with trees, showing typical rectangular field patterns and crop cultivation features characteristic of cropland.",
punjab_30.2720_76.3075,cropland,AGRI_BURN,0.95,"The red square primarily encloses agricultural field patterns and crop beds with standard field boundaries, lacking any industrial structures such as kilns, chimneys, or factories.",
punjab_30.2722_76.0569,cropland,AGRI_BURN,0.99,"Laal chaukor ke andar saaf taur par rectangular khet aur medh ki seedhi lakeerein dikh rahi hain. Koi bhatta, chimney, ya industrial structure maujood nahi hai, isliye ye cropland hai.",
punjab_30.2730_76.1586,cropland,AGRI_BURN,0.95,"Laal chaukor ke andar agricultural fields (cropland) aur farm boundaries dikh rahi hain, koi industrial ya bhatta structure nahi hai.",
punjab_30.2731_76.1758,industrial,INDUSTRIAL,0.95,"Laal chaukor ke andar ek industrial facility ya factory ka shed aur paved area dikh raha hai, jo aas-paas ke khet (cropland) se alag hai.",
punjab_30.2751_75.4071,cropland,AGRI_BURN,0.95,"The area inside the red square exclusively contains agricultural fields and field boundaries typical of cropland, with no industrial structures or brick kilns visible.",
punjab_30.2754_75.2217,cropland,AGRI_BURN,0.85,"The red bounding box primarily encloses agricultural fields with clear rectangular patterns and boundary lines, surrounded by rural farmland.",
punjab_30.2759_76.3182,industrial,INDUSTRIAL,0.95,"The red bounding box contains structures with long rectangular sheds and associated facilities typical of rural industrial sites such as a brick kiln or small manufacturing unit, distinguishable from the surrounding cropland.",
punjab_30.2765_75.9260,cropland,AGRI_BURN,0.95,"The red bounding box encloses typical rectangular agricultural fields with distinct crop boundaries and vegetation, showing no signs of industrial structures, brick kilns, or urban development inside the marked area.",
punjab_30.2826_76.3627,cropland,AGRI_BURN,0.95,"The area inside the red square exclusively contains agricultural fields with characteristic straight boundaries and crop patterns, showing no industrial or other structures.",
punjab_30.2859_75.4953,cropland,AGRI_BURN,0.95,"The red bounding box primarily encloses agricultural fields with clear rectangular boundary lines and crop cultivation, without any visible industrial infrastructure, kilns, or urban structures inside the exact boxed area.",
punjab_30.2923_75.4933,cropland,AGRI_BURN,0.85,"The area inside the red square shows agricultural fields with typical rectangular patterns and crop cover, located between a forested strip and larger croplands.",
punjab_30.3082_75.5009,cropland,AGRI_BURN,0.95,"Laal chaukor ke andar poori tarah se khet (cropland) ke rectangular plots aur green faslein dikh rahi hain, koi industrial ya anya structure nahi hai.",
punjab_30.3083_75.4879,cropland,AGRI_BURN,0.95,"The area inside the red square consists of regular rectangular plots of agricultural land with straight field boundaries, clearly indicating crop cultivation.",
punjab_30.3171_76.3084,cropland,AGRI_BURN,0.95,"The red square primarily encloses standard agricultural fields with straight field boundaries and varying crop states, with no industrial features, brick kilns, or urban structures present inside the bounded area.",
punjab_30.3293_76.2294,cropland,AGRI_BURN,0.95,"The red bounding box encloses typical agricultural land divided into regular rectangular plots (cropland) without any industrial structures like brick kilns, sheds, or chimneys.",
punjab_30.3376_75.5157,cropland,AGRI_BURN,0.9,"The red bounding box clearly encloses agricultural fields with visible crop patterns and field boundaries, despite being surrounded by some rural settlement paths.",
punjab_30.3388_76.1242,cropland,AGRI_BURN,0.95,"The red box clearly frames agricultural crop fields showing characteristic grid patterns and boundaries without any industrial structures, brick kilns, or factories inside.",
punjab_30.3420_76.3264,cropland,AGRI_BURN,0.95,"The red bounding box clearly encloses rectangular agricultural fields with regular crop patterns and plot boundaries, characteristic of cropland.",
punjab_30.3427_76.0466,cropland,AGRI_BURN,0.85,"The marked red box mainly contains agricultural fields divided by straight pathways and boundaries, consistent with surrounding farmland.",
punjab_30.3450_76.3384,cropland,AGRI_BURN,0.85,"The red square primarily encloses agricultural fields and a few small rural dwellings, characteristic of an agrarian landscape rather than an industrial facility or brick kiln.",
punjab_30.3454_76.3352,cropland,AGRI_BURN,0.9,"The red box is centered on a mix of agricultural fields with regular crop patterns and green vegetation, without industrial features.",
punjab_30.3497_76.3164,industrial,INDUSTRIAL,0.95,"Inside the red bounding box, there are clearly visible rectangular industrial sheds, buildings, and infrastructure facilities, despite being surrounded by agricultural fields.",
punjab_30.3503_76.1341,cropland,AGRI_BURN,0.85,"The area inside the red box consists mainly of agricultural fields, divided by field boundaries (medh) with no industrial structures like kilns, chimneys, or storage tanks visible within the marked square.",
punjab_30.3510_75.6213,cropland,AGRI_BURN,0.95,"Laal chaukor ke andar sirf khet (cropland) aur unke beech ke boundaries hain. Koi industrial structure, bhatta, ya chimney nahi hai.",
punjab_30.3552_76.1137,cropland,AGRI_BURN,0.95,"The area inside the red box shows characteristic agricultural field boundaries (medh/bunds) and patterns typical of cropland, with no industrial features, brick kilns, or buildings present within the marked zone.",
punjab_30.3556_75.6256,cropland,AGRI_BURN,0.95,"The red bounding box is centered over standard agricultural fields with green crop patterns and field boundaries, showing no signs of industrial structures like brick kilns, sheds, or chimneys inside the target area.",
punjab_30.3557_75.6255,cropland,AGRI_BURN,0.85,"The red bounding box is located within agricultural fields characterized by rectangular plot patterns and crop cover, and no industrial structures or brick kilns are visible inside the square.",
punjab_30.3567_75.6308,cropland,AGRI_BURN,0.95,"The red bounding box contains regular rectangular agricultural fields with distinct crop patterns and field boundaries, characteristic of cropland.",
punjab_30.3604_75.6176,cropland,AGRI_BURN,0.95,"The area inside the red box consists entirely of agricultural fields with straight field boundaries, vegetation, and crop patterns, showing no industrial features.",
punjab_30.3604_75.6256,cropland,AGRI_BURN,0.85,"The red bounding box is centered on agricultural fields with visible crop patterns, boundaries, and surrounding farming areas.",
punjab_30.3618_76.3637,urban,UNSURE,0.95,"The red bounding box is located centrally within a densely built residential/urban area characterized by clustered buildings, houses, and narrow streets.",
punjab_30.3636_75.6303,cropland,AGRI_BURN,0.95,"The red box encompasses an area with regular agricultural fields showing typical straight crop lines and varying states of vegetation and ploughed earth, characteristic of cropland.",
punjab_30.3646_76.1047,cropland,AGRI_BURN,0.95,"The red square outlines an agricultural field with typical rectangular crop plot divisions and boundaries, showing no industrial or structural features inside.",
punjab_30.3720_75.8454,cropland,AGRI_BURN,0.95,"The area inside the red bounding box displays regular geometric patterns typical of agricultural fields (cropland) with visible boundaries and crop rows, surrounded by other fields, with no industrial structures like brick kilns or factories inside t",
punjab_30.3762_75.5600,urban,UNSURE,0.9,"The red bounding box encloses a densely built-up residential and commercial area with numerous buildings, roofs, and local roads, characteristic of urban land use.",
punjab_30.3792_75.8426,cropland,AGRI_BURN,0.95,"Laal chaukor ke andar sirf aayatakar khet (agricultural plots) aur medh dikh rahe hain, koi industrial ya bhatta ki visheshta nahi hai.",
punjab_30.3803_75.8554,industrial,INDUSTRIAL,0.85,"The red bounding box clearly captures an industrial shed structure along with associated paved open storage and transport access, distinct from the surrounding urban and cropland zones.",
punjab_30.3808_75.8529,cropland,AGRI_BURN,0.95,"The red bounding box clearly encloses rectangular agricultural fields with distinct crop rows and field boundaries, consistent with surrounding cropland patterns.",
punjab_30.3819_75.5359,urban,UNSURE,0.95,"Laal chaukor ke andar ghaney makaan, buildings aur aabadi dikh rahi hai, jo ki urban landuse ko darshati hai.",
punjab_30.3826_75.8420,industrial,INDUSTRIAL,0.85,"The red bounding box encloses a small facility featuring industrial characteristics such as storage sheds, an open paved/cleared yard, and structures distinct from the surrounding agricultural fields.",
punjab_30.3839_75.9754,cropland,AGRI_BURN,0.95,"Laal chaukor ke andar sirf khet aur medh dikhai de rahe hain, koi industrial ya anya structure nahi hai.",
punjab_30.3840_76.1125,cropland,AGRI_BURN,0.95,"The area inside the red square consists of regular agricultural field parcels with straight boundaries characteristic of cropland, with no industrial structures or brick kilns present.",
punjab_30.3843_75.5766,cropland,AGRI_BURN,0.95,"The red box encompasses agricultural plots and green fields with distinct boundary lines, characteristic of cropland.",
punjab_30.3844_76.2396,cropland,AGRI_BURN,0.95,"The red square primarily encloses agricultural field plots (cropland) characterized by rectangular farm boundaries and crop vegetation, with no industrial features like brick kilns visible within the designated box.",
punjab_30.3850_76.2391,cropland,AGRI_BURN,0.95,"The area inside the red box shows agricultural field patterns with clear rectangular boundaries, typical of cropland, with no industrial features like brick kilns or factories present.",
punjab_30.3874_75.6225,cropland,AGRI_BURN,0.95,"The red bounding box clearly encloses an agricultural field divided into regular rectangular plots with visible crop cover and field boundaries, characteristic of cropland.",
punjab_30.3878_75.5665,cropland,AGRI_BURN,0.95,"The red box is centered over agricultural field parcels and irrigation lines, with no industrial structures, brick kilns, or sheds visible within its boundaries.",
punjab_30.3892_76.3119,industrial,INDUSTRIAL,0.85,"The red box encompasses features such as structural buildings, sheds, and cleared terrain characteristic of an industrial or facility site, surrounded by agricultural fields.",
punjab_30.3929_76.1184,cropland,AGRI_BURN,0.85,"The red bounding box contains agricultural fields with clearly defined rectangular parcel boundaries and crop patterns, characteristic of cropland.",
punjab_30.3930_75.4604,cropland,AGRI_BURN,0.95,"The red box exclusively encloses agricultural fields divided by distinct boundaries with green crops, showing no industrial structures, brick kilns, or urban features inside.",
punjab_30.3966_76.3146,cropland,AGRI_BURN,0.95,"Laal chaukor ke andar sirf khet (agricultural fields) aur ek chhota sa rasta/canal dikh raha hai, koi industrial activity, bhatta ya shed nahi hai.",
punjab_30.3973_76.3140,cropland,AGRI_BURN,0.9,"The red box is centered on agricultural fields with visible field boundaries and cropping patterns, typical of rural cropland.",
punjab_30.4002_76.1308,cropland,AGRI_BURN,0.95,"The red square outlines an agricultural field with typical rectangular field patterns, crop boundaries, and vegetation without any industrial structures, brick kilns, or paved yards.",
punjab_30.4033_75.4117,cropland,AGRI_BURN,0.85,"The red box highlights a rural agricultural field layout containing standard crop plots and a small farmstead or rural houses, rather than an industrial facility or brick kiln.",
punjab_30.4053_76.1083,cropland,AGRI_BURN,0.95,"Laal chaukor ke andar sirf aayatakar khet, fasal ke nishaan, aur medh dikhai de rahe hain. Koi industrial structure, bhatta, ya shed nahi hai.",
punjab_30.4073_76.3624,cropland,AGRI_BURN,0.95,"The area inside the red square consists of agricultural fields with typical rectangular boundaries and crop patterns, showing no industrial features such as chimneys, kilns, or sheds.",
punjab_30.4089_75.7713,cropland,AGRI_BURN,0.9,"The area inside the red square consists of agricultural fields separated by straight boundaries, which is characteristic of cropland.",
punjab_30.4185_76.3915,cropland,AGRI_BURN,0.95,"The area inside the red bounding box displays a pattern of agricultural fields with straight boundaries, ploughed soil, and crop patterns, characteristic of cropland.",
punjab_30.4195_75.3437,cropland,AGRI_BURN,0.95,"Laal chaukor ke andar sirf green khet (agricultural fields) aur unki medh (field boundaries) dikh rahi hain, koi industrial ya anya structure nahi hai.",
punjab_30.4214_76.3771,cropland,AGRI_BURN,0.95,"The red bounding box is centered on agricultural fields with visible straight field boundaries and crop patterns, characteristic of cropland.",
punjab_30.4346_76.3017,cropland,AGRI_BURN,0.95,"The red bounding box encloses agricultural fields characterized by rectangular plot boundaries and typical cultivation patterns, with no industrial features like brick kilns or factories inside the box.",
punjab_30.4361_76.2218,cropland,AGRI_BURN,0.95,"Laal chaukor ke andar saaf taur par anaj ya fasal ke khet (cropland) dikh rahe hain, jinme aayatakar khet aur seedhi medh ki lakeerein bani hain. Yahan koi industrial ya bhatta shamil nahi hai.",
punjab_30.4407_76.2157,cropland,AGRI_BURN,0.95,"The red box encompasses typical agricultural fields with distinct parcel boundaries and crop patterns, showing no industrial structures, kilns, or factories inside the boundary.",
punjab_30.4413_75.9838,cropland,AGRI_BURN,0.95,"The red box is centered on agricultural fields marked by regular rectangular grid patterns and crop cultivation lines, characteristic of cropland.",
punjab_30.4416_76.3533,cropland,AGRI_BURN,0.9,The area inside the red square shows agricultural fields divided by typical field boundaries with varying crop stages and no industrial structures or brick kilns present.,
punjab_30.4419_76.2166,cropland,AGRI_BURN,0.95,"Laal chaukor ke andar clearly khet (cropland) ki regular geometric boundaries aur crop patterns dikh rahe hain, koi industrial ya bhatta structure nahi hai.",
punjab_30.4430_76.2027,cropland,AGRI_BURN,0.95,"The red bounding box primarily encloses cultivated agricultural fields with distinct rectangular parcel boundaries and crop patterns, consistent with surrounding farmland.",
punjab_30.4436_76.2024,cropland,AGRI_BURN,0.95,"The red bounding box encloses agricultural fields with clear rectangular plot boundaries and vegetation, consistent with cropland.",
punjab_30.4456_76.3845,industrial,INDUSTRIAL,0.95,"The red bounding box clearly frames a brick kiln (eent ka bhatta) characterized by its distinctive dark elongated shape, adjacent chimney, and surrounding cleared area, distinguishing it from the surrounding cropland.",
punjab_30.4457_76.1974,cropland,AGRI_BURN,0.95,"The area inside the red square shows standard agricultural field patterns with regular rectangular boundaries and crop cultivation, lacking any industrial or brick kiln structures.",
punjab_30.4476_75.9632,cropland,AGRI_BURN,0.95,"The red box clearly encloses standard agricultural fields with visible straight grid-like boundaries and crop cover, matching the cropland pattern and lacking any industrial structures such as kilns, chimneys, or paved yards.",
punjab_30.4491_76.3914,cropland,AGRI_BURN,0.95,"The area inside the red box shows typical agricultural field patterns (cropland) with regular plot boundaries and soil preparation, without any industrial structures, brick kilns, or sheds.",
punjab_30.4494_76.3811,cropland,AGRI_BURN,0.85,"The red bounding box is centered on agricultural fields with rectangular parcel divisions and crop patterns, characteristic of cropland.",
punjab_30.4506_76.2128,cropland,AGRI_BURN,0.95,"The red bounding box primarily covers agricultural fields divided by typical straight field boundaries and crop patterns, showing no industrial or other features.",
punjab_30.4516_76.3724,cropland,AGRI_BURN,0.95,"The red box is centered on standard agricultural fields with distinct rectangular plots and field boundaries, showing no industrial structures, kilns, or urban features inside the boundary.",
punjab_30.4534_76.3913,cropland,AGRI_BURN,0.85,"Laal chaukor ke andar gaaon aur abadi ka kshetra dikh raha hai jiske paas khet hain, lekin koi industrial infrastructure jaise bhatta ya chimney nahi hai.",
punjab_30.4606_76.3832,cropland,AGRI_BURN,0.95,"Laal chaukor ke andar agricultural fields (khet) hain jo aayatakar aakar ke hain, aur koi industrial ya anya structure nahi dikh raha hai.",
punjab_30.4610_76.3872,cropland,AGRI_BURN,0.95,"The area inside the red box clearly shows agricultural field boundaries, ploughed soil patterns, and rectangular crop plots typical of cropland, with no industrial features like brick kilns, sheds, or chimneys present inside the box.",
punjab_30.4617_75.3444,cropland,AGRI_BURN,0.85,"The red bounding box primarily encloses cultivated fields and agricultural land with characteristic grid-like field patterns, despite containing a small road or a few minor rural structures.",
punjab_30.4650_76.2427,cropland,AGRI_BURN,0.95,"The area inside the red square shows typical agricultural fields with rectangular boundaries and varying crop growth stages, with no industrial structures, brick kilns, or urban features present.",
punjab_30.4673_76.2366,cropland,AGRI_BURN,0.95,"The area inside the red bounding box displays clear, rectangular agricultural field patterns with straight bunds characteristic of cropland, and does not show industrial features like brick kilns, chimneys, or paved yards.",
punjab_30.4678_75.9396,cropland,AGRI_BURN,0.95,"Laal chaukor ke andar sirf green khet (agricultural fields) aur ek chhota sa rural rasta dikh raha hai. Yahan koi industrial structure, chimney, eent ka bhatta ya paved yard nahi hai.",
punjab_30.4770_75.8691,cropland,AGRI_BURN,0.95,"Laal chaukor ke andar sirf green khet (cropland) aur farm boundaries dikh rahi hain, koi industrial ya bhatta structure nahi hai.",
punjab_30.4862_76.3404,cropland,AGRI_BURN,0.85,"The red bounding box is centered on agricultural land with visible field boundaries and crops, surrounded by typical rural cropland patterns.",
punjab_30.4865_76.3895,cropland,AGRI_BURN,0.95,"Laal chaukor ke andar agricultural fields (khet) aur unki rectangular boundaries (medh) saaf dikh rahi hain, koi industrial structure ya bhatta nahi hai.",
punjab_30.4891_76.3264,cropland,AGRI_BURN,0.95,"The red square primarily encloses agricultural field plots with distinct boundaries and crop patterns, characteristic of cropland.",
punjab_30.4908_76.3033,cropland,AGRI_BURN,0.95,"The red square primarily encloses agricultural field plots with distinct field boundaries and crop patterns, traversed diagonally by a tree line.",
punjab_30.4915_76.3403,cropland,AGRI_BURN,0.95,"The red bounding box is centered on cultivated agricultural fields with distinct parcel boundaries, farm plots, and vegetation growth, without any industrial features like brick kilns or factories.",
punjab_30.4929_76.3973,cropland,AGRI_BURN,0.95,"The area inside the red bounding box consists entirely of agricultural fields with typical rectangular boundaries and crop patterns, showing no industrial features or brick kilns.",
punjab_30.4966_76.3978,cropland,AGRI_BURN,0.95,"The red box encompasses agricultural fields with distinct rectangular parcel boundaries, soil variations, and crops, without any industrial structures like kilns or sheds.",
punjab_30.4969_75.9228,cropland,AGRI_BURN,0.95,"The area inside the red square consists of clearly defined agricultural fields with regular rectangular boundaries and crop patterns, characteristic of cropland.",
punjab_30.4982_75.8891,cropland,AGRI_BURN,0.9,"The area inside the red box clearly shows agricultural field patterns with straight boundaries and cultivated plots, characteristic of cropland.",
punjab_30.4988_75.8745,cropland,AGRI_BURN,0.95,"The area inside the red square exclusively contains rectangular agricultural fields, crop plots, and dividing ridges typical of cropland, with no industrial structures, brick kilns, or sheds present.",
punjab_30.4999_76.2815,industrial,INDUSTRIAL,0.95,"Laal chaukor ke andar ek brick kiln (eent ka bhatta) saaf dikh raha hai, jismein lambi oval aakriti aur uske paas bani bhatte ki structures/sheds maujud hain.",
punjab_30.5026_76.2667,cropland,AGRI_BURN,0.95,"The red square primarily encloses agricultural fields with regular crop patch boundaries and vegetation, showing no industrial structures like kilns, sheds, or machinery inside.",
punjab_30.5058_75.8926,urban,UNSURE,0.85,"The red square primarily encloses a small residential cluster or village settlement with built-up structures and small pathways, distinct from the surrounding agricultural fields.",
punjab_30.5064_76.2812,cropland,AGRI_BURN,0.95,"The red square primarily encloses agricultural crop fields with distinct boundaries and vegetation patterns, surrounded by similar agricultural plots.",
punjab_30.5064_76.2847,cropland,AGRI_BURN,0.95,"The area inside the red square exclusively contains agricultural fields with characteristic rectangular field boundaries and crop patterns, with no industrial structures like brick kilns or sheds present.",
punjab_30.5066_75.8971,cropland,AGRI_BURN,0.95,"Laal chaukor ke andar saaf taur par aayatakar aur niyamit khet (cropland) dikh rahe hain, jinme fasle aur medh ki lakeerein hain. Yahan koi industrial ya bhatte ki aakriti nahi hai.",
punjab_30.5099_76.3857,cropland,AGRI_BURN,0.95,"Laal chaukor ke andar agricultural fields (khet) aur unki rectangular boundaries (medh) dikh rahi hain, koi industrial ya brick kiln structure nahi hai.",
punjab_30.5141_76.3663,industrial,INDUSTRIAL,0.85,"Inside the red square, there are several rectangular buildings, sheds, and structured facilities characteristic of a small industrial or processing unit, surrounded by agricultural land.",
punjab_30.5231_76.2414,cropland,AGRI_BURN,0.85,"The red bounding box primarily encloses agricultural fields and some sparse vegetation, without any industrial structures, brick kilns, or chimneys visible inside it.",
punjab_30.5232_75.9379,cropland,AGRI_BURN,0.95,"The red bounding box encloses typical agricultural fields with distinct rectangular parcel boundaries and crop patterns, showing no industrial structures, brick kilns, or urban features within the box.",
punjab_30.5258_76.3814,cropland,AGRI_BURN,0.95,"The red box is centered over agricultural fields featuring typical rectangular crop plot divisions and field boundaries, with no industrial features, brick kilns, or structures visible inside.",
punjab_30.5266_75.9265,industrial,INDUSTRIAL,0.95,"Laal chaukor ke andar ek brick kiln (eent ka bhatta) saaf dikh raha hai, jismein ek lambi oval ya aayat aakriti, chimney, aur nangi bhoori zameen hai jo ki ek industrial landuse ko darshati hai.",
punjab_30.5280_75.9387,cropland,AGRI_BURN,0.95,"Laal chaukor ke andar poori tarah se khet (cropland) hai, jiske chaaron taraf seedhi medh ki lakeerein aur hari fasal dikh rahi hai. Koi industrial ya bhatta yahan nahi hai.",
punjab_30.5309_75.9914,cropland,AGRI_BURN,0.95,"The red bounding box is centered on agricultural fields showing characteristic regular rectangular crop patterns with dividing field boundaries, typical of cropland landuse.",
punjab_30.5318_76.3149,cropland,AGRI_BURN,0.95,"The area inside the red box shows typical agricultural field patterns with defined boundary lines and crop cultivation, lacking any industrial or brick kiln structures.",
punjab_30.5359_75.5632,cropland,AGRI_BURN,0.95,"The red bounding box clearly encloses agricultural fields with regular rectangular patterns and crop boundaries, alongside a portion of a linear dirt path or water canal, completely surrounded by other agricultural cropland.",
punjab_30.5393_76.2885,cropland,AGRI_BURN,0.95,"Laal chaukor ke andar saaf taur par aayatakar aur niyamit khet (cropland) aur unki medh dikhai de rahi hain, koi industrial ya anya gathividhi nahi hai.",
punjab_30.5411_76.2964,cropland,AGRI_BURN,0.95,"The red box is centered on regular agricultural fields with visible field boundaries, crop patterns, and vegetation, consistent with cropland.",
punjab_30.5477_76.2358,cropland,AGRI_BURN,0.9,"The red box encloses agricultural fields with clear field boundaries and crop vegetation, with no industrial features like brick kilns, sheds, or chimneys present inside.",
punjab_30.5604_76.2385,industrial,INDUSTRIAL,0.95,"Laal chaukor ke andar bade rectangular sheds, factory buildings aur paved yard saaf dikh rahe hain, jo ki ek industrial facility ya factory ko darshate hain.",
punjab_30.5643_76.3299,cropland,AGRI_BURN,0.95,"The area inside the red square consists of agricultural fields with typical rectangular boundaries and crop patterns, surrounded by similar farmland.",
punjab_30.5672_76.2400,cropland,AGRI_BURN,0.95,"The red bounding box is centered on agricultural fields with visible straight field boundaries and varying crop growth stages, showing no industrial or other non-agricultural features inside the box.",
punjab_30.5678_76.2451,industrial,INDUSTRIAL,0.95,The red square clearly highlights a small industrial brick kiln featuring elongated drying sheds and a chimney structure.,
punjab_30.5771_76.3654,cropland,AGRI_BURN,0.95,"The red box is centered on standard agricultural fields with distinct rectangular parcel boundaries and crop patterns, showing no industrial brick kilns, sheds, or mining activities inside the box.",
punjab_30.5778_75.8947,cropland,AGRI_BURN,0.95,"The area inside the red square consists of agricultural fields with typical rectangular patterns, field boundaries, and varying crop cover stages.",
punjab_30.5782_76.2340,industrial,INDUSTRIAL,0.95,"The bounding box highlights a brick kiln (eent ka bhatta) featuring the characteristic layout including sheds and raw brick stacking areas, distinct from the surrounding agricultural cropland.",
punjab_30.5812_76.2445,cropland,AGRI_BURN,0.95,"The red bounding box contains agricultural fields with characteristic rectangular plots, irrigation lines, and crop patterns, showing no industrial structures like brick kilns or factories inside it.",
punjab_30.5878_76.2431,cropland,AGRI_BURN,0.95,"The red bounding box clearly frames agricultural plots (cropland) characterized by rectangular field shapes and green/brown vegetation patterns, with no industrial features like brick kilns, factories, or chimneys inside the marked region.",
punjab_30.5886_75.8590,cropland,AGRI_BURN,0.85,"The area inside the red square shows typical agricultural field patterns with regular rectangular plots and boundaries, characteristic of cropland rather than industrial structures or brick kilns.",
punjab_30.5905_76.2114,cropland,AGRI_BURN,0.95,"The area inside the red square shows standard agricultural field patterns with defined rectangular plots and crop cover, characteristic of cropland.",
punjab_30.5907_76.0993,cropland,AGRI_BURN,0.85,"The area inside the red bounding box predominantly shows agricultural field patterns, divided plots, and cultivation without industrial features like a brick kiln or factory.",
punjab_30.5917_76.2302,cropland,AGRI_BURN,0.85,"The red bounding box primarily contains agricultural fields and standard rural land parcels divided by regular field boundaries, without visible industrial structures such as chimneys, brick kilns, or large manufacturing sheds.",
punjab_30.5919_75.8688,cropland,AGRI_BURN,0.95,"Laal chaukor ke andar agricultural fields (khet) aur unke beech mein rural boundary lines hain, koi industrial ya bhatta ki structure nahi dikh rahi hai.",
punjab_30.5938_75.2125,cropland,AGRI_BURN,0.85,"The red square primarily encloses agricultural field patterns with regular grid boundaries and crops, characteristic of rural farmland.",
punjab_30.5941_76.2205,cropland,AGRI_BURN,0.85,"The red bounding box primarily contains agricultural crop fields divided by field boundaries, consistent with surrounding farmland.",
punjab_30.5946_76.3541,cropland,AGRI_BURN,0.95,"The red square primarily encloses agricultural fields with clear field boundaries and crop patterns, showing no industrial structures like brick kilns or factories.",
punjab_30.5947_76.2311,urban,UNSURE,0.85,The red box is centered on a rural settlement area containing houses and small buildings within a mixed agricultural landscape.,
punjab_30.5948_75.8521,cropland,AGRI_BURN,0.85,"The red bounding box primarily encloses agricultural fields with clear rectangular plots and crop patterns, despite some nearby trees and infrastructure.",
punjab_30.5954_76.3452,cropland,AGRI_BURN,0.95,"Laal chaukor ke andar sirf khet aur kheti ke fields hain, koi industrial ya bhatta feature maujood nahi hai.",
punjab_30.5958_76.2369,cropland,AGRI_BURN,0.85,"The red square primarily encloses green agricultural fields typical of rural cropland, with distinct field boundaries visible and no industrial structures or brick kilns clearly identifiable within the marked boundaries.",
punjab_30.5984_76.3257,cropland,AGRI_BURN,0.95,"The red square outlines an agricultural field with typical rectangular crop plot boundaries, plough lines, and varying vegetation/soil shades, consistent with surrounding cropland.",
punjab_30.6002_75.8667,cropland,AGRI_BURN,0.85,"The red box encompasses agricultural fields with clear field boundaries and crop patterns, showing no industrial or structural features like brick kilns within its exact boundaries.",
punjab_30.6021_76.3421,cropland,AGRI_BURN,0.95,"Inside the red square, there are regular agricultural fields with visible crop rows and field boundaries, characteristic of cropland.",
punjab_30.6022_76.3593,cropland,AGRI_BURN,0.95,"The red bounding box primarily encloses agricultural fields with clear field boundaries and crop patterns, showing no industrial or structural features within its direct area.",
punjab_30.6024_76.3945,cropland,AGRI_BURN,0.85,"Laal chaukor ke andar cultivated agricultural fields (cropland) aur kuch chote rural structures dikh rahe hain, lekin koi industrial bhatta ya factory maujood nahi hai.",
punjab_30.6025_75.8594,cropland,AGRI_BURN,0.95,"The red bounding box clearly frames agricultural fields (cropland) characterized by rectangular field plots, irrigation boundaries, and varying crop cover stages.",
punjab_30.6032_75.8598,cropland,AGRI_BURN,0.95,"Laal chaukor ke andar sirf aniyamit aakar ke khet (cropland) aur unki medh dikhai de rahi hai, koi industrial ya bhatta structure nahi hai.",
punjab_30.6033_76.3918,cropland,AGRI_BURN,0.85,"The red bounding box primarily encloses agricultural land plots (cropland) divided by field boundaries, alongside a portion of a roadway and a few small rural structures.",
punjab_30.6039_76.3639,cropland,AGRI_BURN,0.95,"The red square primarily encloses cultivated agricultural fields divided by distinct farm boundaries and pathways, without any industrial structures like brick kilns, factories, or paved yards inside it.",
punjab_30.6040_76.3284,cropland,AGRI_BURN,0.95,"The red square outlines agricultural fields showing typical rectangular boundaries, plowed soil, and crop patterns, characteristic of cropland.",
punjab_30.6042_76.2002,cropland,AGRI_BURN,0.95,The red bounding box is centered on standard agricultural fields showing regular geometric field boundaries with typical crop color variations.,
punjab_30.6045_76.3217,cropland,AGRI_BURN,0.95,"Laal chaukor ke andar clearly aayatakar (rectangular) khet aur unke beech ki medh (field boundaries) dikh rahi hain, jisse ye cropland hai.",
punjab_30.6120_76.2013,cropland,AGRI_BURN,0.95,The red bounding box is located entirely within an agricultural field showing typical rectangular farm plots and green and brown crop patterns without any industrial or other non-agricultural features.,
punjab_30.6151_76.3284,cropland,AGRI_BURN,0.85,"The red bounding box contains agricultural fields, soil plots, and rural farmland characteristics rather than industrial or brick kiln structures.",
punjab_30.6153_76.2527,cropland,AGRI_BURN,0.95,"The area inside the red square exclusively contains cultivated agricultural fields with clear rectangular plots and field boundaries, characteristic of cropland.",
punjab_30.6157_75.7177,cropland,AGRI_BURN,0.95,"Laal chaukor ke andar sirf khet aur kheti ke patch dikh rahe hain, koi industrial ya brick kiln nahi hai.",
punjab_30.6163_76.2512,cropland,AGRI_BURN,0.9,"The area inside the red square primarily shows regular rectangular agricultural fields with visible crop patterns, boundaries, and soil plots, characteristic of cropland.",
punjab_30.6212_76.3437,cropland,AGRI_BURN,0.9,"The area inside the red square consists of agricultural fields with typical field boundaries, crop patterns, and rural vegetation, with no industrial features like brick kilns, factories, or paved yards present.",
punjab_30.6221_76.3164,cropland,AGRI_BURN,0.9,"The red bounding box primarily encloses agricultural fields with clear rectangular plots, field boundaries, and varying crop cultivation stages, with only a small shed-like structure on the right edge.",
punjab_30.6237_76.3070,cropland,AGRI_BURN,0.95,"Laal chaukor ke andar clearly agricultural fields aur unki medh dikh rahi hain, koi industrial ya bhatta structure nahi hai.",
punjab_30.6242_76.2375,cropland,AGRI_BURN,0.95,"The red bounding box clearly frames typical agricultural crop fields, showing structured rectangular plots with crop vegetation and plowed earth, without any industrial structures like kilns, factories, or chimneys inside.",
punjab_30.6306_76.3269,cropland,AGRI_BURN,0.95,"The area inside the red bounding box displays regular agricultural field patterns, divided into rectangular plots with straight boundary lines, typical of cropland.",
punjab_30.6308_75.8182,cropland,AGRI_BURN,0.95,"The area inside the red square consists of agricultural fields with typical rectangular boundaries and crop patterns, surrounded by similar farmland.",
punjab_30.6323_76.2739,industrial,INDUSTRIAL,0.95,"The red bounding box clearly frames an industrial facility with organized shed structures and buildings characteristic of a small manufacturing unit or plant, distinct from the surrounding agricultural fields.",
punjab_30.6325_76.3766,cropland,AGRI_BURN,0.95,"The area inside the red square consists of agricultural fields with typical rectangular parcel boundaries and crop patterns, with no industrial features like kilns or chimneys present.",
punjab_30.6362_75.9508,cropland,AGRI_BURN,0.95,"Laal chaukor ke andar clearly aayatakar aur vargakar khet (agricultural fields) aur seedhi medh ki lakeerein dikh rahi hain, koi industrial ya bhatta structure maujood nahi hai.",
punjab_30.6364_76.2464,cropland,AGRI_BURN,0.95,"The area inside the red box consists of regular agricultural fields with visible boundary lines, typical of cropland landuse, and shows no industrial features like kilns or sheds.",
punjab_30.6379_76.3109,cropland,AGRI_BURN,0.85,"Inside the red square, the area consists of agricultural fields divided by clear boundary lines and vegetation patches, without any industrial structures like brick kilns, large sheds, or paved yards.",
punjab_30.6381_76.2721,industrial,INDUSTRIAL,0.85,"The red bounding box contains structures typical of a small industrial facility or brick kiln layout with sheds and cleared yards, distinct from the surrounding cropland.",
punjab_30.6385_76.3267,cropland,AGRI_BURN,0.85,"Laal chaukor ke andar aur aas-paas mitti ke rang ke khet aur medh dikh rahe hain, jo cropland ki visheshta hai.",
punjab_30.6389_76.3518,cropland,AGRI_BURN,0.95,"The area inside the red box clearly displays agricultural fields with visible plots and boundaries, characteristic of cropland.",
punjab_30.6416_76.3245,cropland,AGRI_BURN,0.85,The red bounding box primarily contains agricultural plots and rural residential dwellings rather than industrial features or a brick kiln.,
punjab_30.6417_75.7520,cropland,AGRI_BURN,0.95,"The red square primarily encloses green agricultural fields characterized by regular geometric boundaries and crop patterns, consistent with surrounding cropland.",
punjab_30.6478_75.8447,cropland,AGRI_BURN,0.9,"The red square primarily encloses agricultural fields with clear field boundaries and crop patterns, characteristic of cropland.",
punjab_30.6498_76.1202,urban,UNSURE,0.95,"The red box encompasses a densely built-up rural settlement or village area with closely packed residential buildings, roofs, and local streets, distinct from the surrounding agricultural cropland.",
punjab_30.6545_76.2908,urban,UNSURE,0.95,"Laal chaukor ke andar ghane residential makaan aur aabadi dikh rahi hai, jo ki urban landuse ko darshati hai.",
punjab_30.6566_76.3089,industrial,INDUSTRIAL,0.95,"Laal chaukor ke andar industrial shed aur man-made structures maujood hain, jo ise industrial category ke antargat rakhte hain.",
punjab_30.6606_75.4051,cropland,AGRI_BURN,0.95,"Laal chaukor ke andar sirf khet (fields) aur unki boundaries dikh rahi hain, koi industrial ya bhatta nahi hai.",
punjab_30.6647_75.7626,cropland,AGRI_BURN,0.95,"Laal chaukor ke andar sirf aayatakar khet aur kheti ke patch dikh rahe hain, koi industrial ya bhatte ki structure mojood nahi hai.",
punjab_30.6670_76.2387,cropland,AGRI_BURN,0.85,"Inside the red square, the area consists of regular rectangular agricultural fields separated by straight field boundaries without any industrial structures, chimneys, or brick kilns.",
punjab_30.6671_75.8648,cropland,AGRI_BURN,0.95,"Laal chaukor ke andar clearly agricultural fields aur regular boundaries dikh rahi hain, koi industrial ya bhatta structure nahi hai.",
punjab_30.6673_75.8668,cropland,AGRI_BURN,0.95,"The area inside the red square exclusively contains rectangular cultivated farm plots with clear field boundaries, typical of agricultural land, with no industrial structures or brick kilns present.",
punjab_30.6688_75.7497,cropland,AGRI_BURN,0.95,"The red bounding box is centered on agricultural fields characterized by rectangular plots, crop patterns, and distinct field boundaries without any industrial structures, brick kilns, or buildings inside.",
punjab_30.6700_76.2401,industrial,INDUSTRIAL,0.95,"The red bounding box clearly frames an industrial facility with manufacturing sheds, a paved courtyard, and associated structures surrounded by agricultural fields.",
punjab_30.6714_75.7500,cropland,AGRI_BURN,0.95,"Laal chaukor ke andar poori tarah se khet (agricultural fields) bane hue hain, jinki niyamit medh (boundaries) aur fasal ke rang ki sateh dikh rahi hai. Yahan koi industrial ya bhatta structure nahi hai.",
punjab_30.6720_76.2190,cropland,AGRI_BURN,0.95,"The red box clearly encloses a standard agricultural field parcel with regular rectangular boundaries typical of crop cultivation, surrounded by similar green and brown farming fields.",
punjab_30.6724_75.4342,cropland,AGRI_BURN,0.95,"Laal chaukor ke andar sirf aayatakar khet (fields) aur unki seedhi medh dikhai de rahi hai, koi industrial bhatta ya shed nahi hai.",
punjab_30.6737_76.2914,cropland,AGRI_BURN,0.9,"The red bounding box primarily contains agricultural plots and field patterns characteristic of cropland, lacking any industrial infrastructure or brick kilns within its exact boundaries.",
punjab_30.6792_75.7182,cropland,AGRI_BURN,0.95,"The red box is centered over agricultural fields divided into rectangular plots with straight boundary lines characteristic of cropland, with no industrial structures or brick kilns visible inside.",
punjab_30.6801_76.2982,cropland,AGRI_BURN,0.85,"The red box is centered on a patchwork of agricultural fields and green crops with clear field boundaries, typical of cropland landuse.",
punjab_30.6802_75.7300,cropland,AGRI_BURN,0.95,"The red bounding box primarily encloses cultivated agricultural fields divided by distinct straight boundary lines, characteristic of cropland.",
punjab_30.6807_76.2715,industrial,INDUSTRIAL,0.95,Laal chaukor ke andar ek industrial facility ya factory dikh rahi hai jismein bade sheds aur paved yard maujood hain.,
punjab_30.6817_75.7221,cropland,AGRI_BURN,0.95,"The area inside the red bounding box consists of rectangular agricultural fields with distinct boundaries, characteristic of cropland, with no industrial features like kilns or sheds visible within the box.",
punjab_30.6841_76.3019,cropland,AGRI_BURN,0.95,"Laal chaukor ke andar sirf khet (agricultural fields) hain jinmein aayatakar medh aur fasal ki banawat dikh rahi hai. Yahan koi industrial bhatta, factory shed ya chimney nahi hai.",
punjab_30.6861_76.2783,cropland,AGRI_BURN,0.95,"The red bounding box encloses agricultural fields characterized by rectangular plot boundaries and typical crop cultivation patterns, with no industrial or other non-agricultural features visible inside.",
punjab_30.6934_76.2997,cropland,AGRI_BURN,0.85,"The red bounding box is centered on agricultural fields divided by distinct rectangular boundaries, with a mix of green and harvested crop patches characteristic of cropland.",
punjab_30.6962_75.8389,cropland,AGRI_BURN,0.95,"The area inside the red square clearly shows agricultural fields with regular rectangular patterns and boundary lines, indicative of cropland.",
punjab_30.6984_75.8298,cropland,AGRI_BURN,0.9,"The red bounding box clearly frames agricultural fields with visible straight field boundaries and cultivated patterns, showing no industrial or urban features inside.",
punjab_30.7022_75.8268,industrial,INDUSTRIAL,0.85,"Inside the red box there is a paved open storage area alongside a transport route/railway and small structures, part of the adjacent logistics or industrial facility.",
punjab_30.7043_75.8359,cropland,AGRI_BURN,0.85,"The red box primarily encloses agricultural fields with visible crop patterns and field boundaries, and does not contain any industrial structures like brick kilns or factories.",
punjab_30.7080_75.8310,cropland,AGRI_BURN,0.9,"The area inside the red bounding box displays typical agricultural field patterns with defined rectangular parcels and soil textures, surrounded by other farmlands, with no industrial features visible inside the box.",
punjab_30.7092_76.2081,industrial,INDUSTRIAL,0.95,"Laal chaukor ke andar bade rectangular green sheds aur industrial storage structure saaf dikh rahe hain, jo ki ek manufacturing ya warehousing facility ko darshate hain.",
punjab_30.7092_76.2091,industrial,INDUSTRIAL,0.95,"Laal chaukor ke andar lambe hare roof wale industrial sheds, kuch structures aur kuch open paved ya packed area clearly visible hai, jo ki industrial landuse ko darshata hai.",
punjab_30.7097_75.8415,cropland,AGRI_BURN,0.9,"Laal chaukor ke andar sirf khet aur ek chhota rasta dikh raha hai, koi industrial structure ya bhatta nahi hai.",
punjab_30.7120_75.8354,cropland,AGRI_BURN,0.9,"The area inside the red bounding box displays agricultural patterns with distinct crop fields and field boundaries, characteristic of cropland.",
punjab_30.7164_76.2238,cropland,AGRI_BURN,0.95,"The red box clearly frames agricultural plots with distinct rectangular crop fields, field boundaries (medh), and varied crop growth patterns, without any industrial structures, brick kilns, or urban buildings inside the boxed area.",
punjab_30.7219_76.0162,cropland,AGRI_BURN,0.95,The red bounding box outlines typical agricultural fields with straight boundaries and cultivated green crops.,
punjab_30.7252_76.0826,cropland,AGRI_BURN,0.95,"The red square primarily encloses agricultural fields with clear field boundaries and crop cover, characteristic of cropland.",
punjab_30.7256_76.0847,cropland,AGRI_BURN,0.95,The area inside the red square consists of agricultural fields with typical rectangular parcel boundaries and crop patterns.,
punjab_30.7284_76.2161,cropland,AGRI_BURN,0.95,"Laal chaukor ke andar saaf taur par rectangular agricultural fields (khet) aur unke beech ki boundaries dikh rahi hain, koi industrial ya bhatta structure nahi hai.",
punjab_30.7322_75.8235,cropland,AGRI_BURN,0.95,"The red bounding box primarily encloses agricultural field plots with regular geometric boundaries and crop patterns, characteristic of cropland.",
punjab_30.7328_75.7330,cropland,AGRI_BURN,0.95,"The red bounding box encloses regular agricultural fields with visible straight farm boundaries and crop vegetation, characteristic of cropland.",
punjab_30.7379_75.8238,cropland,AGRI_BURN,0.95,"Laal chaukor ke andar sirf vyavasthit aayatakar khet (cropland) aur unki seedhi medh ki lakeerein dikh rahi hain, koi industrial ya bhatta structure nahi hai.",
punjab_30.7390_75.8278,industrial,INDUSTRIAL,0.95,"The area inside the red square shows a facility with structured paved yards, vehicle or equipment parking, and storage layouts characteristic of an industrial site or depot, distinct from the surrounding agricultural fields.",
punjab_30.7410_76.2734,cropland,AGRI_BURN,0.95,"Laal chaukor ke andar saaf taur par anaj ya fasal ke khet dikh rahe hain jo alag-alag aakar aur rang ke hain, aur koi industrial shed, chimney ya eent ka bhatta maujood nahi hai.",
punjab_30.7431_75.8346,cropland,AGRI_BURN,0.95,"Laal chaukor ke andar poori tarah se khet (agricultural fields) aur unki seedhi medh ki lakeerein dikh rahi hain, koi industrial ya bhatte ki structure maujood nahi hai.",
punjab_30.7440_75.8232,cropland,AGRI_BURN,0.95,"The area inside the red square consists of agricultural fields with straight boundaries, cultivation patterns, and crop rows, characteristic of cropland.",
punjab_30.7458_76.2361,cropland,AGRI_BURN,0.99,"Laal chaukor ke andar sirf aur sirf khet (cropland) hain, jinki aayatakar seernayein aur alag-alag fasalon ke rang dikh rahe hain. Koi industrial unit ya bhatta nahi hai.",
punjab_30.7498_76.0792,industrial,INDUSTRIAL,0.95,"Laal chaukor ke andar ek brick kiln (eent ka bhatta) saaf dikh raha hai, jisme characteristic oval/rectangular shape, chimney, aur aas-paas ki kacchi zameen aur eent ke dher maujud hain.",
punjab_30.7558_75.9754,cropland,AGRI_BURN,0.9,"The red bounding box contains agricultural fields separated by field boundaries, consistent with surrounding rural cropland.",
punjab_30.7599_75.7139,cropland,AGRI_BURN,0.95,The area inside the red box consists of agricultural field plots with grid-like farm boundaries and no industrial structures or brick kilns present.,
punjab_30.7634_75.7235,cropland,AGRI_BURN,0.95,"The red square outlines agricultural fields characterized by rectangular plot boundaries and typical crop patterns, without any industrial structures, brick kilns, or urban features inside.",
punjab_30.7635_75.7233,cropland,AGRI_BURN,0.95,"The area inside the red bounding box displays regular agricultural field patterns with defined rectangular boundaries (medh) and cultivated crops, characteristic of cropland.",
punjab_30.7637_75.7119,cropland,AGRI_BURN,0.95,"Laal chaukor ke andar sirf aayatakar khet (agricultural fields) aur unki boundaries dikh rahi hain, koi industrial ya anya structure nahi hai.",
punjab_30.7661_76.0749,cropland,AGRI_BURN,0.95,"The red bounding box clearly encloses an agricultural field divided into regular geometric plots with crop cover and field boundaries, characteristic of cropland.",
punjab_30.7762_76.0055,cropland,AGRI_BURN,0.95,"The red bounding box encloses typical agricultural land divided into regular field parcels (cropland) with a small rural dwelling path, and there is no industrial facility, kiln, or mining activity inside the box.",
punjab_30.7777_76.1867,cropland,AGRI_BURN,0.95,"The area inside the red square exclusively contains agricultural fields with characteristic straight boundaries and crop patterns, showing no industrial or other non-agricultural features.",
punjab_30.7830_76.0465,cropland,AGRI_BURN,0.85,"The red bounding box primarily contains cultivated agricultural fields with distinct grid-like boundaries characteristic of cropland, and lacks any significant industrial or urban structures within its direct bounds.",
punjab_30.7832_76.1174,cropland,AGRI_BURN,0.95,"The red bounding box primarily encloses agricultural fields, straight boundaries, and crop patterns, with no industrial features, brick kilns, or factories present inside.",
punjab_30.7871_76.0465,cropland,AGRI_BURN,0.85,"The red square primarily encloses green agricultural fields alongside a paved road segment and a few sparse rural structures, with no industrial features like kilns or factories visible strictly inside the boundary.",
punjab_30.7879_75.9175,industrial,INDUSTRIAL,0.95,"Laal chaukor ke andar bade industrial sheds, buildings aur ek paved yard saaf dikh rahe hain, jo ki aamdani ya manufacturing activity ko darshate hain.",
punjab_30.7901_76.0511,cropland,AGRI_BURN,0.95,"Inside the red bounding box, the land consists of green agricultural fields with straight field boundaries (medh) characteristic of cropland, and there are no industrial structures or brick kilns present inside the box.",
punjab_30.7906_76.1176,cropland,AGRI_BURN,0.95,"Laal chaukor ke andar poori tarah se khet (agricultural fields) aur hari fasal dikh rahi hai. Yahan koi industrial structure, bhatta, chimney ya paved yard nahi hai.",
punjab_30.7957_75.9516,cropland,AGRI_BURN,0.7,"The red bounding box contains agricultural fields, soil plots, and small rural structures without any distinct industrial features like brick kilns, chimneys, or large factory sheds.",
punjab_30.7970_75.9585,industrial,INDUSTRIAL,0.95,The red box encompasses large industrial-style sheds and paved yard areas typical of a factory or warehouse structure.,
punjab_30.8040_76.0991,cropland,AGRI_BURN,0.85,"Laal chaukor ke andar cultivated agricultural fields (khet) aur ek chhota sa rural farm/residential structure dikh raha hai, koi industrial bhatta ya shed nahi hai.",
punjab_30.8054_76.1125,cropland,AGRI_BURN,0.85,"The red box is centered primarily over agricultural fields with visible field boundaries and crops, alongside a small section of a village settlement, but the dominant land cover inside the box is cropland.",
punjab_30.8061_76.1094,cropland,AGRI_BURN,0.95,"The red square primarily encloses agricultural field plots with distinct boundaries and vegetation typical of cropland, with no industrial features, brick kilns, or buildings inside the marked area.",
punjab_30.8070_76.1297,cropland,AGRI_BURN,0.95,"The red square primarily encloses cultivated agricultural fields with distinct rectangular boundaries and varying vegetation/soil shades, showing no presence of industrial structures, brick kilns, or urban features inside the marked area.",
punjab_30.8071_75.2530,cropland,AGRI_BURN,0.95,"The red bounding box clearly encloses rectangular agricultural fields with distinct farm boundaries and varying crop growth stages, consistent with cropland.",
punjab_30.8073_76.0405,urban,UNSURE,0.9,"The red bounding box clearly contains dense residential housing structures alongside some green patches, characteristic of an urban settlement area rather than industrial facilities.",
punjab_30.8076_76.0302,cropland,AGRI_BURN,0.99,"The red bounding box is located entirely within a green agricultural field, showing typical square-shaped crop plots with straight boundaries and no industrial structures or brick kilns visible inside.",
punjab_30.8094_75.6520,cropland,AGRI_BURN,0.95,"Laal chaukor ke andar poori tarah se khet (agricultural fields) dikh rahe hain, jo ki anubhav aur aakar se cropland ki category mein aate hain.",
punjab_30.8094_75.9577,cropland,AGRI_BURN,0.85,"The area inside the red square primarily consists of cultivated agricultural fields with distinct rectangular plots and field boundaries, characteristic of cropland.",
punjab_30.8114_76.2542,cropland,AGRI_BURN,0.95,"The red bounding box primarily encloses cultivated agricultural fields with distinct rectangular plots and green/brown vegetation patterns characteristic of cropland, despite the presence of some farm structures.",
punjab_30.8123_76.1853,cropland,AGRI_BURN,0.95,"The red square strictly encloses agricultural fields with clear rectangular plots, field boundaries, and varying stages of crop growth (green and brown patches), with no industrial structures or brick kilns present inside.",
punjab_30.8125_75.6620,cropland,AGRI_BURN,0.95,"The area inside the red square consists of clearly defined agricultural fields with straight boundaries, matching the characteristics of cropland.",
punjab_30.8137_76.0406,cropland,AGRI_BURN,0.95,"The area inside the red square shows typical agricultural field patterns with straight grid boundaries and vegetation consistent with surrounding cropland, showing no industrial or structural features.",
punjab_30.8139_75.6537,cropland,AGRI_BURN,0.95,"The red bounding box encloses agricultural fields characterized by rectangular plot divisions and green crop cover, consistent with cropland.",
punjab_30.8140_76.0746,cropland,AGRI_BURN,0.95,"The area inside the red square consists of agricultural fields with typical rectangular shapes and field boundaries, characteristic of cropland.",
punjab_30.8144_76.2095,cropland,AGRI_BURN,0.95,"The red bounding box encloses agricultural fields characterized by rectangular plot boundaries and typical crop cultivation patterns, showing no industrial or structural features within its borders.",
punjab_30.8150_75.9671,cropland,AGRI_BURN,0.85,"The bounding box primarily contains agricultural plots and field boundaries with some village houses, typical of rural cropland patterns.",
punjab_30.8155_76.0805,cropland,AGRI_BURN,0.85,"Inside the red square, there are agricultural fields and scattered green vegetation with field boundaries, with no industrial structures or brick kilns visible.",
punjab_30.8164_76.1784,cropland,AGRI_BURN,0.95,"Laal chaukor ke andar sirf agricultural fields yaani khet dikh rahe hain, jo ki grid-like patterns aur crop growth ki vajah se cropland category mein aate hain.",
punjab_30.8165_76.0796,cropland,AGRI_BURN,0.95,"The red bounding box primarily encloses regular agricultural fields with visible field boundaries and green crops, with no industrial features, brick kilns, or buildings inside.",
punjab_30.8170_76.1187,cropland,AGRI_BURN,0.95,"Laal chaukor ke andar agricultural fields (khet) aur unke beech se guzarti hui ek raasta/medh hai, koi industrial structure ya bhatta nahi dikh raha hai.",
punjab_30.8178_76.0416,cropland,AGRI_BURN,0.85,"The area inside the red box consists mainly of green agricultural fields with field boundaries and vegetation, consistent with cropland.",
punjab_30.8183_76.1733,cropland,AGRI_BURN,0.95,"The red bounding box primarily contains agricultural fields (cropland) with standard rectangular parcel shapes, crop boundaries, and vegetation patches, without any industrial structures like kilns, sheds, or chimneys inside the marked area.",
punjab_30.8187_75.6630,cropland,AGRI_BURN,0.95,"Laal chaukor ke andar cultivated agricultural fields (khet) aur kuch chhote rural structures ya farmhouses dikh rahe hain. Yahan koi industrial structure, bhatta, chimney ya mine nahi hai.",
punjab_30.8201_76.0046,industrial,INDUSTRIAL,0.95,"Laal chaukor ke andar ek industrial factory shed aur associated structures saaf dikh rahe hain, jo ki industrial landuse ko darshate hain.",
punjab_30.8210_76.3324,cropland,AGRI_BURN,0.95,"The area inside the red square consists of clearly defined agricultural field patterns with straight borders and crop residues characteristic of cropland, with no industrial structures like brick kilns or sheds visible.",
punjab_30.8220_76.0688,cropland,AGRI_BURN,0.95,"The red bounding box entirely encloses agricultural fields with regular rectangular patterns and field boundaries, characteristic of cropland.",
punjab_30.8227_76.0937,cropland,AGRI_BURN,0.9,"The red bounding box primarily covers agricultural fields (cropland) along with a section of a road and a small water body, distinct from industrial brick kilns.",
punjab_30.8230_75.9386,cropland,AGRI_BURN,0.95,"Laal chaukor ke andar agricultural fields yaani khet dikh rahe hain jinme seedhi medh ki lakeerein hain aur aaspas ki tarah wahi fasal ke tukde hain, koi industrial ya brick kiln ki structure nahi hai.",
punjab_30.8233_75.9911,cropland,AGRI_BURN,0.85,"Laal chaukor ke andar cultivated agricultural fields (cropland) aur kuch chote rural structures/houses dikh rahe hain, lekin koi industrial shed, bhatta, chimney ya paved yard nahi hai.",
punjab_30.8233_76.1522,cropland,AGRI_BURN,0.95,"The red bounding box is centered on agricultural fields with visible straight field boundaries and crop patterns, showing no industrial structures like kilns, sheds, or chimneys.",
punjab_30.8253_76.1434,cropland,AGRI_BURN,0.95,"The red box is centered on regular agricultural fields with visible straight plot boundaries, distinct crop patterns, and vegetation, surrounded by similar rural farmland.",
punjab_30.8276_75.9574,cropland,AGRI_BURN,0.95,"Laal chaukor ke andar spashṭ roop se khet (cropland) ke rectangular/square plots aur medh dikhai de rahe hain, koi industrial ya bhatta structure maujood nahi hai.",
punjab_30.8281_75.9693,cropland,AGRI_BURN,0.9,"The red bounding box encloses agricultural fields with regular crop boundaries and vegetation, lacking any industrial structures or brick kilns.",
punjab_30.8289_76.1012,cropland,AGRI_BURN,0.95,"Laal chaukor ke andar sirf aayatakar khet aur medh ki lakeerein dikh rahi hain, koi industrial ya bhatta nahi hai.",
punjab_30.8289_76.1254,cropland,AGRI_BURN,0.95,"The area inside the red square consists of regular agricultural plots, crop field boundaries, and vegetation typical of farming land without any industrial structures, brick kilns, or paved yards.",
punjab_30.8293_75.4559,cropland,AGRI_BURN,0.85,"The area inside the red box mainly consists of agricultural fields (cropland) with green vegetation, with only a very small building structure at the edge, making cropland the dominant land use type within the central bounding box.",
punjab_30.8295_76.2145,cropland,AGRI_BURN,0.95,"The red bounding box is centered directly over agricultural fields divided by straight pathways and crop patterns, showing no industrial or urban features inside the box.",
punjab_30.8304_76.0171,cropland,AGRI_BURN,0.95,"The area inside the red square consists clearly of agricultural fields (cropland) with distinct rectangular plot boundaries, vegetation patches, and plowed soil, and shows no signs of industrial structures like brick kilns or factories.",
punjab_30.8305_75.4659,cropland,AGRI_BURN,0.85,"The red square primarily encloses agricultural field plots with grid-like field boundaries, typical of cropland land use.",
punjab_30.8313_76.0656,cropland,AGRI_BURN,0.95,"The red bounding box is located entirely over agricultural fields, showing distinct rectangular farming plots and crop boundaries with no industrial features or structures inside.",
punjab_30.8314_75.9937,cropland,AGRI_BURN,0.95,The area inside the red square consists of agricultural fields (cropland) characterized by distinct rectangular field boundaries and crop cultivation patterns without any industrial structures like brick kilns or sheds.,
punjab_30.8317_76.0320,cropland,AGRI_BURN,0.99,"Laal chaukor ke andar saaf taur par rectangular khet aur unke beech mein seedhi medh ki lakeerein dikh rahi hain. Yahan koi industrial structure, bhatta ya anya man-made building nahi hai.",
punjab_30.8339_75.7665,cropland,AGRI_BURN,0.95,"The area inside the red square shows standard agricultural fields with distinct rectangular parcel boundaries, cultivation patterns, and crop variations characteristic of cropland, with no industrial structures present.",
punjab_30.8347_75.9228,cropland,AGRI_BURN,0.95,"The red bounding box primarily shows agricultural fields divided into rectangular plots with visible crop patterns and field boundaries, crossed diagonally by a linear green feature (likely a ditch or tree line), with no industrial structures or bric",
punjab_30.8358_75.9191,cropland,AGRI_BURN,0.95,"Laal chaukor ke andar saaf taur par rectangular agricultural fields aur straight field boundaries dikh rahi hain, koi industrial structure ya bhatta nahi hai.",
punjab_30.8359_76.2348,cropland,AGRI_BURN,0.95,"The red bounding box is centered on agricultural fields with visible rectangular parcel divisions and crop cover, and shows no signs of industrial structures or brick kilns.",
punjab_30.8363_75.9472,cropland,AGRI_BURN,0.95,"The red bounding box is centered on agricultural fields displaying regular rectangular field patterns with visible division bunds, typical of cropland landuse.",
punjab_30.8365_76.0841,cropland,AGRI_BURN,0.95,The red bounding box is centered over agricultural fields (cropland) characterized by rectangular green plots and distinct field boundaries.,
punjab_30.8376_76.1625,cropland,AGRI_BURN,0.95,"Laal chaukor ke andar sirf green aur brown rang ke khet dikh rahe hain, seedhi medh ke sath. Koi industrial structure, bhatta, chimney, ya shed nahi hai.",
punjab_30.8380_76.0979,cropland,AGRI_BURN,0.95,The red bounding box clearly frames cultivated agricultural fields showing distinct regular boundaries and varying crop growth stages typical of cropland.,
punjab_30.8384_76.1386,cropland,AGRI_BURN,0.95,"The red bounding box primarily contains agricultural fields with clearly defined boundaries, typical of cropland, and shows no industrial structures like brick kilns or factories.",
punjab_30.8385_76.1626,cropland,AGRI_BURN,0.95,"Laal chaukor ke andar clearly khet (cropland) aur kuch chote rural structures dikh rahe hain, koi industrial ya bhatta nahi hai.",
punjab_30.8392_76.0081,cropland,AGRI_BURN,0.95,"Laal chaukor ke andar sirf khet (fields) aur unki medh ki lakeerein dikh rahi hain, koi industrial ya bhatta ki nishani nahi hai.",
punjab_30.8401_76.2126,cropland,AGRI_BURN,0.95,"The area inside the red box consists of green agricultural fields, marked by rectangular plot boundaries and typical farm vegetation, without any industrial structures, brick kilns, or urban features present within the boundaries.",
punjab_30.8417_76.0970,cropland,AGRI_BURN,0.95,"Laal chaukor ke andar sirf khet aur kheti se judi zameen hai. Koi bhatta, chimney, shed ya industrial activity maujood nahi hai.",
punjab_30.8455_76.2197,cropland,AGRI_BURN,0.95,"Laal chaukor ke andar sirf vyavasthit aayatakar khet (cropland) aur kuch chote rural ghar dikh rahe hain, koi industrial ya bhatta nahi hai.",
punjab_30.8470_76.2347,cropland,AGRI_BURN,0.95,"The red square primarily encloses agricultural fields with clear rectangular boundaries, straight lines, and varying shades of green and brown typical of cropland, with no industrial structures like kilns visible inside.",
punjab_30.8498_75.5142,industrial,INDUSTRIAL,0.95,"Laal chaukor ke andar ek industrial shed aur usse judi hui structure saaf dikh rahi hai, jo ki aaspas ke cropland ke beech ek industrial ya processing unit ko darshati hai.",
punjab_30.8500_75.9665,cropland,AGRI_BURN,0.8,"The red square primarily encloses agricultural land plots (cropland) divided by field boundaries, though bisected by a road or drainage line.",
punjab_30.8505_75.9737,cropland,AGRI_BURN,0.85,"The red box is centered on a rural area interspersed with agricultural fields and scattered residential trees, showing typical cropland characteristics without any industrial features like brick kilns or factories.",
punjab_30.8510_75.5194,cropland,AGRI_BURN,0.95,The red bounding box clearly frames standard agricultural fields with green crops and straight field boundaries (medh).,
punjab_30.8520_75.9734,urban,UNSURE,0.85,"The red box clearly shows residential buildings and houses, characterizing a typical settlement or rural residential area within the grid rather than industrial, agricultural, or barren land.",
punjab_30.8525_76.0564,cropland,AGRI_BURN,0.85,"Laal chaukor ke andar mukhya roop se khet aur kuch vanaspati dikh rahe hain, bina kisi industrial ya bhatta structure ke.",
punjab_30.8526_76.3539,cropland,AGRI_BURN,0.95,"The red box encompasses agricultural plots and field boundaries, characteristic of cropland, with no industrial features like brick kilns or factories inside the box.",
punjab_30.8531_75.5660,cropland,AGRI_BURN,0.95,"The area inside the red square shows typical agricultural fields with distinct boundaries and crop patterns, characteristic of cropland.",
punjab_30.8545_75.7412,industrial,INDUSTRIAL,0.95,"Laal chaukor ke andar eent ka bhatta (brick kiln) saaf dikh raha hai, jismein lambi aayatakar layout, eent pakaane aur sukhane ke sheeds, aur aas-paas ki nangi bhoori zameen shamil hai.",
punjab_30.8564_75.5159,cropland,AGRI_BURN,0.95,"Laal chaukor ke andar sirf green agricultural fields (khet) aur unki boundaries dikh rahi hain, koi industrial ya anya structure nahi hai.",
punjab_30.8570_75.5201,cropland,AGRI_BURN,0.95,"The area inside the red square clearly shows agricultural fields with regular geometric field boundaries and vegetation, consistent with cropland.",
punjab_30.8579_75.5003,cropland,AGRI_BURN,0.95,"Laal chaukor ke andar clearly khet (cropland) ki boundaries aur green vegetation dikh rahi hai. Koi industrial shed, chimney ya brick kiln nahi hai.",
punjab_30.8585_75.2906,cropland,AGRI_BURN,0.95,"The area inside the red box consists clearly of cultivated agricultural fields with distinct rectangular parcel boundaries and crop patterns, showing no industrial infrastructure, brick kilns, or buildings within the target area itself.",
punjab_30.8592_76.0628,cropland,AGRI_BURN,0.95,"Laal chaukor ke andar agricultural fields (khet) aur unki rectangular boundaries saaf dikh rahi hain, koi industrial ya bhatta structure nahi hai.",
punjab_30.8595_76.3608,cropland,AGRI_BURN,0.95,"The red square primarily encloses agricultural crop fields with distinct rectangular parcel boundaries and farm paths, lacking any industrial or manufacturing infrastructure.",
punjab_30.8604_75.5062,cropland,AGRI_BURN,0.99,"Laal chaukor ke andar sirf khet (agricultural fields) aur unki medh ki lakeerein dikh rahi hain, koi industrial ya bhatta ki nishani nahi hai.",
punjab_30.8627_75.5101,industrial,INDUSTRIAL,0.95,Laal chaukor ke andar ek brick kiln (eent ka bhatta) ya chhota industrial yard dikh raha hai jiski nangi bhoori zameen aur layout aas-paas ke khet se alag hai.,
punjab_30.8651_76.3331,cropland,AGRI_BURN,0.95,"The red square primarily encloses agricultural fields with clear rectangular plots, field boundaries, and varying crop vegetation stages, characteristic of cropland.",
punjab_30.8656_75.9545,cropland,AGRI_BURN,0.85,"Laal chaukor ke andar cultivated agricultural fields (khet) aur kuch chhote rural structures dikh rahe hain, industrial ya bhatta jaisi koi cheez nahi hai.",
punjab_30.8667_76.3612,cropland,AGRI_BURN,0.95,"Laal chaukor ke andar aur aas-paas saaf taur par anaj ya fasal ke khet (cropland) dikh rahe hain, jinme aayatakar khet aur seedhi medh ki lakeerein hain. Yahan koi industrial structure ya eent ka bhatta maujood nahi hai.",
punjab_30.8688_75.8844,urban,UNSURE,0.95,The area inside the red square shows dense residential housing with urban street patterns and buildings.,
punjab_30.8703_75.2144,cropland,AGRI_BURN,0.95,"The area inside the red bounding box displays regular geometric agricultural fields with straight field boundaries (medh) characteristic of crop cultivation, without any industrial structures like chimneys, sheds, or paved yards.",
punjab_30.8705_76.3603,cropland,AGRI_BURN,0.95,"The area inside the red square consists of agricultural fields with typical rectangular patterns, field boundaries, and crop cover, showing no presence of industrial structures such as brick kilns or sheds.",
punjab_30.8707_76.3501,cropland,AGRI_BURN,0.95,The area inside the red square consists of agricultural fields with typical rectangular parcel boundaries and crop cultivation patterns.,
punjab_30.8718_76.3544,cropland,AGRI_BURN,0.95,"Laal chaukor ke andar sirf vyavasthit agricultural fields aur unki medh (boundaries) dikh rahi hain, koi industrial ya bhatta structure nahi hai.",
punjab_30.8723_75.8851,urban,UNSURE,0.95,The red bounding box is centered over densely packed residential and commercial buildings typical of an urban area.,
punjab_30.8728_75.8551,industrial,INDUSTRIAL,0.95,"Laal chaukor ke andar bade rectangular sheds aur paved structures clearly visible hain, jo ki industrial activity ya godowns ko darshate hain.",
punjab_30.8746_76.3294,cropland,AGRI_BURN,0.95,"The red bounding box clearly encloses agricultural fields with visible rectangular boundaries and crop patterns, characteristic of cropland.",
punjab_30.8757_76.3707,cropland,AGRI_BURN,0.95,"The area inside the red square clearly shows partitioned agricultural fields (cropland) with regular farm boundaries and crop patterns, not industrial features.",
punjab_30.8762_76.3482,cropland,AGRI_BURN,0.95,"The red bounding box clearly encloses standard agricultural fields with distinct rectangular plots and field boundaries, characteristic of cropland, with no industrial structures or brick kilns inside the marker.",
punjab_30.8770_75.9422,industrial,INDUSTRIAL,0.95,Laal chaukor ke andar bade industrial sheds aur factory ki imaratein saaf dikh rahi hain.,
punjab_30.8777_75.9742,cropland,AGRI_BURN,0.95,"The red bounding box encloses agricultural fields, a small pond, and rural vegetation, with no industrial features, brick kilns, or buildings inside.",
punjab_30.8779_76.3830,cropland,AGRI_BURN,0.85,"Laal chaukor ke andar agricultural fields ya khet dikh rahe hain, jinme fasal ya jutai ke nishaan hain. Koi industrial bhatta ya structure nahi hai.",
punjab_30.8807_76.0269,cropland,AGRI_BURN,0.95,"The red bounding box clearly encloses agricultural fields with visible rectangular crop plots and field boundaries, typical of cropland landuse.",
punjab_30.8833_76.0365,cropland,AGRI_BURN,0.95,"The area highlighted by the red bounding box consists clearly of agricultural fields with straight boundaries and cultivated green vegetation, consistent with cropland.",
punjab_30.8879_76.0040,cropland,AGRI_BURN,0.95,"The red square primarily encloses agricultural fields with clear rectangular plot boundaries and crop rows characteristic of cropland, with no industrial structures visible inside.",
punjab_30.8890_76.3508,forest,FOREST_FIRE,0.95,"The red bounding box is located over a dense line of trees running alongside a river, characteristic of forest land use rather than industrial or cropland.",
punjab_30.8909_76.3771,cropland,AGRI_BURN,0.95,"The red square outlines agricultural fields characterized by rectangular plot patterns and crop rows, surrounded by other farmland.",
punjab_30.8938_76.1169,cropland,AGRI_BURN,0.85,"The red bounding box clearly shows agricultural fields with visible field boundaries and variations in soil and crop coloration, surrounded by similar rural farmland with no industrial structures like brick kilns or factories inside the specified are",
punjab_30.8966_76.0143,cropland,AGRI_BURN,0.95,"The red square encapsulates a standard agricultural field showing typical rectangular parcel shapes, crop cover, and regular boundaries without any industrial or urban structures inside the box.",
punjab_30.8975_75.9149,urban,UNSURE,0.85,The red bounding box encloses a green open field or park-like area surrounded by high-density urban residential buildings and streets.,
